sub-002081,ses-3mo
sub-417855,ses-15mo
sub-218663,ses-18mo
sub-412584,ses-13mo
sub-216852,ses-5mo
sub-382287,ses-9mo
sub-509659,ses-10mo
sub-494244,ses-20mo
sub-382287,ses-6mo
sub-509659,ses-13mo
sub-515697,ses-15mo
sub-412584,ses-10mo
sub-406663,ses-24mo
sub-382287,ses-12mo
sub-732627,ses-2mo
sub-664313,ses-2mo
sub-576112,ses-24mo
sub-774387,ses-16mo
sub-788132,ses-5mo
sub-713347,ses-11mo
sub-950202,ses-2mo
sub-911829,ses-2mo
sub-911829,ses-8mo
sub-648807,ses-21mo
sub-722612,ses-18mo
sub-826360,ses-23mo
sub-713347,ses-14mo
sub-887679,ses-10mo