,note,subj_id,structural,ses_id,Minimal Preprocessing: emotion_run-02,Minimal Preprocessing: rest_acq-REST2_run-03,Minimal Preprocessing: carit_run-01,Minimal Preprocessing: guessing_run-02,Minimal Preprocessing: carit_run-02,Minimal Preprocessing: rest_acq-REST1_run-01,Minimal Preprocessing: rest_acq-REST1_run-02,Minimal Preprocessing: guessing_run-01,Minimal Preprocessing: rest_acq-REST2_run-04,DCANBoldPreProc: emotion_run-02,DCANBoldPreProc: rest_acq-REST2_run-03,DCANBoldPreProc: carit_run-01,DCANBoldPreProc: guessing_run-02,DCANBoldPreProc: carit_run-02,DCANBoldPreProc: rest_acq-REST1_run-01,DCANBoldPreProc: rest_acq-REST1_run-02,DCANBoldPreProc: guessing_run-01,DCANBoldPreProc: rest_acq-REST2_run-04
0,,0001305,ok,V1,ok,ok,ok,ok,ok,ok,ok,ok,ok,ok,ok,ok,ok,ok,ok,ok,ok,ok
1,,0008117,ok,V1,ok,ok,ok,ok,ok,ok,ok,ok,ok,ok,ok,ok,ok,ok,ok,ok,ok,ok
2,,0021614,ok,V1,ok,ok,ok,ok,ok,ok,ok,ok,ok,ok,ok,ok,ok,ok,ok,ok,ok,ok
3,,0022919,ok,V1,ok,ok,ok,ok,ok,ok,ok,ok,ok,ok,ok,ok,ok,ok,ok,ok,ok,ok
4,,0026119,ok,V1,ok,ok,ok,ok,ok,ok,ok,ok,ok,ok,ok,ok,ok,ok,ok,ok,ok,ok
5,,0029630,ok,V1,ok,ok,ok,ok,ok,ok,ok,ok,ok,ok,ok,ok,ok,ok,ok,ok,ok,ok
6,,0031617,ok,V1,ok,ok,ok,ok,ok,ok,ok,ok,ok,ok,ok,ok,ok,ok,ok,ok,ok,ok
7,,0040113,ok,V1,ok,ok,ok,ok,ok,ok,ok,ok,ok,ok,ok,ok,ok,ok,ok,ok,ok,ok
8,,0041822,ok,V1,ok,ok,ok,ok,ok,ok,ok,ok,ok,ok,ok,ok,ok,ok,ok,ok,ok,ok
9,,0042420,ok,V1,ok,ok,ok,ok,ok,ok,ok,ok,ok,ok,ok,ok,ok,ok,ok,ok,ok,ok
10,,0051825,ok,V1,ok,ok,ok,ok,ok,ok,ok,ok,ok,ok,ok,ok,ok,ok,ok,ok,ok,ok
11,,0059235,ok,V1,ok,ok,ok,ok,ok,ok,ok,ok,ok,ok,ok,ok,ok,ok,ok,ok,ok,ok
12,,0069238,ok,V1,ok,ok,ok,ok,ok,ok,ok,ok,ok,ok,ok,ok,ok,ok,ok,ok,ok,ok
13,,0071831,ok,V1,ok,ok,ok,ok,ok,ok,ok,ok,ok,ok,ok,ok,ok,ok,ok,ok,ok,ok
14,,0075435,ok,V1,ok,ok,ok,ok,ok,ok,ok,ok,ok,ok,ok,ok,ok,ok,ok,ok,ok,ok
15,,0110310,ok,V1,ok,ok,ok,ok,ok,ok,ok,ok,ok,ok,ok,ok,ok,ok,ok,ok,ok,ok
16,,0110411,ok,V1,ok,ok,ok,ok,ok,ok,ok,ok,ok,ok,ok,ok,ok,ok,ok,ok,ok,ok
17,,0111716,ok,V1,ok,ok,ok,ok,ok,ok,ok,ok,ok,ok,ok,ok,ok,ok,ok,ok,ok,ok
18,,0114419,ok,V1,ok,ok,ok,ok,ok,ok,ok,ok,ok,ok,ok,ok,ok,ok,ok,ok,ok,ok
19,,0118528,ok,V1,ok,ok,ok,ok,ok,ok,ok,ok,ok,ok,ok,ok,ok,ok,ok,ok,ok,ok
20,,0119429,ok,V1,ok,ok,ok,ok,ok,ok,ok,ok,ok,ok,ok,ok,ok,ok,ok,ok,ok,ok
21,,0121719,ok,V1,ok,ok,ok,ok,ok,ok,ok,ok,ok,ok,ok,ok,ok,ok,ok,ok,ok,ok
22,,0123925,ok,V1,ok,ok,ok,ok,ok,ok,ok,ok,ok,ok,ok,ok,ok,ok,ok,ok,ok,ok
23,,0124725,ok,V1,ok,ok,ok,ok,ok,ok,ok,ok,ok,ok,ok,ok,ok,ok,ok,ok,ok,ok
24,,0125424,ok,V1,ok,ok,ok,ok,ok,ok,ok,ok,ok,ok,ok,ok,ok,ok,ok,ok,ok,ok
25,,0128935,ok,V1,ok,ok,ok,ok,ok,ok,ok,ok,ok,ok,ok,ok,ok,ok,ok,ok,ok,ok
26,,0129937,ok,V1,ok,ok,ok,ok,ok,ok,ok,ok,ok,ok,ok,ok,ok,ok,ok,ok,ok,ok
27,,0130821,ok,V1,ok,ok,ok,ok,ok,ok,ok,ok,ok,ok,ok,ok,ok,ok,ok,ok,ok,ok
28,,0134526,ok,V1,ok,ok,ok,ok,ok,ok,ok,ok,ok,ok,ok,ok,ok,ok,ok,ok,ok,ok
29,,0135831,ok,V1,ok,ok,ok,ok,ok,ok,ok,ok,ok,ok,ok,ok,ok,ok,ok,ok,ok,ok
30,,0143426,ok,V1,ok,ok,ok,ok,ok,ok,ok,ok,ok,ok,ok,ok,ok,ok,ok,ok,ok,ok
31,,0145733,ok,V1,ok,ok,ok,ok,ok,ok,ok,ok,ok,ok,ok,ok,ok,ok,ok,ok,ok,ok
32,,0146331,ok,V1,ok,ok,ok,ok,ok,ok,ok,ok,ok,ok,ok,ok,ok,ok,ok,ok,ok,ok
33,,0146937,ok,V1,ok,ok,ok,ok,ok,ok,ok,ok,ok,ok,ok,ok,ok,ok,ok,ok,ok,ok
34,,0147333,ok,V1,ok,ok,ok,ok,ok,ok,ok,ok,ok,ok,ok,ok,ok,ok,ok,ok,ok,ok
35,,0152932,ok,V1,ok,ok,ok,ok,ok,ok,ok,ok,ok,ok,ok,ok,ok,ok,ok,ok,ok,ok
36,,0154431,ok,V1,ok,ok,ok,ok,ok,ok,ok,ok,ok,ok,ok,ok,ok,ok,ok,ok,ok,ok
37,,0161327,ok,V1,ok,ok,ok,ok,ok,ok,ok,ok,ok,ok,ok,ok,ok,ok,ok,ok,ok,ok
38,,0174235,ok,V1,ok,ok,ok,ok,ok,ok,ok,ok,ok,ok,ok,ok,ok,ok,ok,ok,ok,ok
39,,0182941,ok,V1,ok,ok,ok,ok,ok,ok,ok,ok,ok,ok,ok,ok,ok,ok,ok,ok,ok,ok
40,,0183438,ok,V1,ok,ok,ok,ok,ok,ok,ok,ok,ok,ok,ok,ok,ok,ok,ok,ok,ok,ok
41,,0183539,ok,V1,ok,ok,ok,ok,ok,ok,ok,ok,ok,ok,ok,ok,ok,ok,ok,ok,ok,ok
42,,0185442,ok,V1,ok,ok,ok,ok,ok,ok,ok,ok,ok,ok,ok,ok,ok,ok,ok,ok,ok,ok
43,,0185644,ok,V1,ok,ok,ok,ok,ok,ok,ok,ok,ok,ok,ok,ok,ok,ok,ok,ok,ok,ok
44,,0193845,ok,V1,ok,ok,ok,ok,ok,ok,ok,ok,ok,ok,ok,ok,ok,ok,ok,ok,ok,ok
45,,0197045,ok,V1,ok,ok,ok,ok,ok,ok,ok,ok,ok,ok,ok,ok,ok,ok,ok,ok,ok,ok
46,,0197348,ok,V1,ok,ok,ok,ok,ok,ok,ok,ok,ok,ok,ok,ok,ok,ok,ok,ok,ok,ok
47,,0203620,ok,V1,ok,ok,ok,ok,ok,ok,ok,ok,ok,ok,ok,ok,ok,ok,ok,ok,ok,ok
48,,0214423,ok,V1,ok,ok,ok,ok,ok,ok,ok,ok,ok,ok,ok,ok,ok,ok,ok,ok,ok,ok
49,,0215829,ok,V1,ok,ok,ok,ok,ok,ok,ok,ok,ok,ok,ok,ok,ok,ok,ok,ok,ok,ok
50,,0224123,ok,V1,ok,ok,ok,ok,ok,ok,ok,ok,ok,ok,ok,ok,ok,ok,ok,ok,ok,ok
51,,0225529,ok,V1,ok,ok,ok,ok,ok,ok,ok,ok,ok,ok,ok,ok,ok,ok,ok,ok,ok,ok
52,,0225630,ok,V1,ok,ok,ok,ok,ok,ok,ok,ok,ok,ok,ok,ok,ok,ok,ok,ok,ok,ok
53,,0232223,ok,V1,ok,ok,ok,ok,ok,ok,ok,ok,ok,ok,ok,ok,ok,ok,ok,ok,ok,ok
54,,0236130,ok,V1,ok,ok,ok,ok,ok,ok,ok,ok,ok,ok,ok,ok,ok,ok,ok,ok,ok,ok
55,,0236635,ok,V1,ok,ok,ok,ok,ok,ok,ok,ok,ok,ok,ok,ok,ok,ok,ok,ok,ok,ok
56,,0244230,ok,V1,ok,ok,ok,ok,ok,ok,ok,ok,ok,ok,ok,ok,ok,ok,ok,ok,ok,ok
57,,0245030,ok,V1,ok,ok,ok,ok,ok,ok,ok,ok,ok,ok,ok,ok,ok,ok,ok,ok,ok,ok
58,,0245636,ok,V1,ok,ok,ok,ok,ok,ok,ok,ok,ok,ok,ok,ok,ok,ok,ok,ok,ok,ok
59,,0247438,ok,V1,ok,ok,ok,ok,ok,ok,ok,ok,ok,ok,ok,ok,ok,ok,ok,ok,ok,ok
60,,0248440,ok,V1,ok,ok,ok,ok,ok,ok,ok,ok,ok,ok,ok,ok,ok,ok,ok,ok,ok,ok
61,,0259243,ok,V1,ok,ok,ok,ok,ok,ok,ok,ok,ok,ok,ok,ok,ok,ok,ok,ok,ok,ok
62,,0259546,ok,V1,ok,ok,ok,ok,ok,ok,ok,ok,ok,ok,ok,ok,ok,ok,ok,ok,ok,ok
63,,0263032,ok,V1,ok,ok,ok,ok,ok,ok,ok,ok,ok,ok,ok,ok,ok,ok,ok,ok,ok,ok
64,,0267242,ok,V1,ok,ok,ok,ok,ok,ok,ok,ok,ok,ok,ok,ok,ok,ok,ok,ok,ok,ok
65,,0267747,ok,V1,ok,ok,ok,ok,ok,ok,ok,ok,ok,ok,ok,ok,ok,ok,ok,ok,ok,ok
66,,0271031,ok,V1,ok,ok,ok,ok,ok,ok,ok,ok,ok,ok,ok,ok,ok,ok,ok,ok,ok,ok
67,,0276243,ok,V1,ok,ok,ok,ok,ok,ok,ok,ok,ok,ok,ok,ok,ok,ok,ok,ok,ok,ok
68,,0277447,ok,V1,ok,ok,ok,ok,ok,ok,ok,ok,ok,ok,ok,ok,ok,ok,ok,ok,ok,ok
69,,0288250,ok,V1,ok,ok,ok,ok,ok,ok,ok,ok,ok,ok,ok,ok,ok,ok,ok,ok,ok,ok
70,,0294245,ok,V1,ok,ok,ok,ok,ok,ok,ok,ok,ok,ok,ok,ok,ok,ok,ok,ok,ok,ok
71,,0295146,ok,V1,ok,ok,ok,ok,ok,ok,ok,ok,ok,ok,ok,ok,ok,ok,ok,ok,ok,ok
72,,0295954,ok,V1,ok,ok,ok,ok,ok,ok,ok,ok,ok,ok,ok,ok,ok,ok,ok,ok,ok,ok
73,,0298758,ok,V1,ok,ok,ok,ok,ok,ok,ok,ok,ok,ok,ok,ok,ok,ok,ok,ok,ok,ok
74,,0311118,ok,V1,ok,ok,ok,ok,ok,ok,ok,ok,ok,ok,ok,ok,ok,ok,ok,ok,ok,ok
75,,0311320,ok,V1,ok,ok,ok,ok,ok,ok,ok,ok,ok,ok,ok,ok,ok,ok,ok,ok,ok,ok
76,,0328842,ok,V1,ok,ok,ok,ok,ok,ok,ok,ok,ok,ok,ok,ok,ok,ok,ok,ok,ok,ok
77,,0330021,ok,V1,ok,ok,ok,ok,ok,ok,ok,ok,ok,ok,ok,ok,ok,ok,ok,ok,ok,ok
78,,0338441,ok,V1,ok,ok,ok,ok,ok,ok,ok,ok,ok,ok,ok,ok,ok,ok,ok,ok,ok,ok
79,,0338744,ok,V1,ok,ok,ok,ok,ok,ok,ok,ok,ok,ok,ok,ok,ok,ok,ok,ok,ok,ok
80,,0343333,ok,V1,ok,ok,ok,ok,ok,ok,ok,ok,ok,ok,ok,ok,ok,ok,ok,ok,ok,ok
81,,0353538,ok,V1,ok,ok,ok,ok,ok,ok,ok,ok,ok,ok,ok,ok,ok,ok,ok,ok,ok,ok
82,,0360838,ok,V1,ok,ok,ok,ok,ok,ok,ok,ok,ok,ok,ok,ok,ok,ok,ok,ok,ok,ok
83,,0370639,ok,V1,ok,ok,ok,ok,ok,ok,ok,ok,ok,ok,ok,ok,ok,ok,ok,ok,ok,ok
84,,0372542,ok,V1,ok,ok,ok,ok,ok,ok,ok,ok,ok,ok,ok,ok,ok,ok,ok,ok,ok,ok
85,,0378150,ok,V1,ok,ok,ok,ok,ok,ok,ok,ok,ok,ok,ok,ok,ok,ok,ok,ok,ok,ok
86,,0382343,ok,V1,ok,ok,ok,ok,ok,ok,ok,ok,ok,ok,ok,ok,ok,ok,ok,ok,ok,ok
87,,0383143,ok,V1,ok,ok,ok,ok,ok,ok,ok,ok,ok,ok,ok,ok,ok,ok,ok,ok,ok,ok
88,,0392144,ok,V1,ok,ok,ok,ok,ok,ok,ok,ok,ok,ok,ok,ok,ok,ok,ok,ok,ok,ok
89,,0392649,ok,V1,ok,ok,ok,ok,ok,ok,ok,ok,ok,ok,ok,ok,ok,ok,ok,ok,ok,ok
90,,0393550,ok,V1,ok,ok,ok,ok,ok,ok,ok,ok,ok,ok,ok,ok,ok,ok,ok,ok,ok,ok
91,,0394350,ok,V1,ok,ok,ok,ok,ok,ok,ok,ok,ok,ok,ok,ok,ok,ok,ok,ok,ok,ok
92,,0394754,ok,V1,ok,ok,ok,ok,ok,ok,ok,ok,ok,ok,ok,ok,ok,ok,ok,ok,ok,ok
93,,0401725,ok,V1,ok,ok,ok,ok,ok,ok,ok,ok,ok,ok,ok,ok,ok,ok,ok,ok,ok,ok
94,,0403224,ok,V1,ok,ok,ok,ok,ok,ok,ok,ok,ok,ok,ok,ok,ok,ok,ok,ok,ok,ok
95,,0406230,ok,V1,ok,ok,ok,ok,ok,ok,ok,ok,ok,ok,ok,ok,ok,ok,ok,ok,ok,ok
96,,0418338,ok,V1,ok,ok,ok,ok,ok,ok,ok,ok,ok,ok,ok,ok,ok,ok,ok,ok,ok,ok
97,,0425335,ok,V1,ok,ok,ok,ok,ok,ok,ok,ok,ok,ok,ok,ok,ok,ok,ok,ok,ok,ok
98,,0429343,ok,V1,ok,ok,ok,ok,ok,ok,ok,ok,ok,ok,ok,ok,ok,ok,ok,ok,ok,ok
99,,0461844,ok,V1,ok,ok,ok,ok,ok,ok,ok,ok,ok,ok,ok,ok,ok,ok,ok,ok,ok,ok
100,,0462341,ok,V1,ok,ok,ok,ok,ok,ok,ok,ok,ok,ok,ok,ok,ok,ok,ok,ok,ok,ok
101,,0469658,ok,V1,ok,ok,ok,ok,ok,ok,ok,ok,ok,ok,ok,ok,ok,ok,ok,ok,ok,ok
102,,0471746,ok,V1,ok,ok,ok,ok,ok,ok,ok,ok,ok,ok,ok,ok,ok,ok,ok,ok,ok,ok
103,,0476352,ok,V1,ok,ok,ok,ok,ok,ok,ok,ok,ok,ok,ok,ok,ok,ok,ok,ok,ok,ok
104,,0478356,ok,V1,ok,ok,ok,ok,ok,ok,ok,ok,ok,ok,ok,ok,ok,ok,ok,ok,ok,ok
105,,0486254,ok,V1,ok,ok,ok,ok,ok,ok,ok,ok,ok,ok,ok,ok,ok,ok,ok,ok,ok,ok
106,,0494354,ok,V1,ok,ok,ok,ok,ok,ok,ok,ok,ok,ok,ok,ok,ok,ok,ok,ok,ok,ok
107,,0498261,ok,V1,ok,ok,ok,ok,ok,ok,ok,ok,ok,ok,ok,ok,ok,ok,ok,ok,ok,ok
108,,0498968,ok,V1,ok,ok,ok,ok,ok,ok,ok,ok,ok,ok,ok,ok,ok,ok,ok,ok,ok,ok
109,,0504735,ok,V1,ok,ok,ok,ok,ok,ok,ok,ok,ok,ok,ok,ok,ok,ok,ok,ok,ok,ok
110,,0505838,ok,V1,ok,ok,ok,ok,ok,ok,ok,ok,ok,ok,ok,ok,ok,ok,ok,ok,ok,ok
111,,0514738,ok,V1,ok,ok,ok,ok,ok,ok,ok,ok,ok,ok,ok,ok,ok,ok,ok,ok,ok,ok
112,,0515538,ok,V1,ok,ok,ok,ok,ok,ok,ok,ok,ok,ok,ok,ok,ok,ok,ok,ok,ok,ok
113,,0519849,ok,V1,ok,ok,ok,ok,ok,ok,ok,ok,ok,ok,ok,ok,ok,ok,ok,ok,ok,ok
114,,0520329,ok,V1,ok,ok,ok,ok,ok,ok,ok,ok,ok,ok,ok,ok,ok,ok,ok,ok,ok,ok
115,,0526644,ok,V1,ok,ok,ok,ok,ok,ok,ok,ok,ok,ok,ok,ok,ok,ok,ok,ok,ok,ok
116,,0528850,ok,V1,ok,ok,ok,ok,ok,ok,ok,ok,ok,ok,ok,ok,ok,ok,ok,ok,ok,ok
117,,0529751,ok,V1,ok,ok,ok,ok,ok,ok,ok,ok,ok,ok,ok,ok,ok,ok,ok,ok,ok,ok
118,,0534138,ok,V1,ok,ok,ok,ok,ok,ok,ok,ok,ok,ok,ok,ok,ok,ok,ok,ok,ok,ok
119,,0536142,ok,V1,ok,ok,ok,ok,ok,ok,ok,ok,ok,ok,ok,ok,ok,ok,ok,ok,ok,ok
120,,0541539,ok,V1,ok,ok,ok,ok,ok,ok,ok,ok,ok,ok,ok,ok,ok,ok,ok,ok,ok,ok
121,,0551239,ok,V1,ok,ok,ok,ok,ok,ok,ok,ok,ok,ok,ok,ok,ok,ok,ok,ok,ok,ok
122,,0551946,ok,V1,ok,ok,ok,ok,ok,ok,ok,ok,ok,ok,ok,ok,ok,ok,ok,ok,ok,ok
123,,0555146,ok,V1,ok,ok,ok,ok,ok,ok,ok,ok,ok,ok,ok,ok,ok,ok,ok,ok,ok,ok
124,,0559760,ok,V1,ok,ok,ok,ok,ok,ok,ok,ok,ok,ok,ok,ok,ok,ok,ok,ok,ok,ok
125,,0571649,ok,V1,ok,ok,ok,ok,ok,ok,ok,ok,ok,ok,ok,ok,ok,ok,ok,ok,ok,ok
126,,0574049,ok,V1,ok,ok,ok,ok,ok,ok,ok,ok,ok,ok,ok,ok,ok,ok,ok,ok,ok,ok
127,,0576558,ok,V1,ok,ok,ok,ok,ok,ok,ok,ok,ok,ok,ok,ok,ok,ok,ok,ok,ok,ok
128,,0577358,ok,V1,ok,ok,ok,ok,ok,ok,ok,ok,ok,ok,ok,ok,ok,ok,ok,ok,ok,ok
129,,0577661,ok,V1,ok,ok,ok,ok,ok,ok,ok,ok,ok,ok,ok,ok,ok,ok,ok,ok,ok,ok
130,,0581652,ok,V1,ok,ok,ok,ok,ok,ok,ok,ok,ok,ok,ok,ok,ok,ok,ok,ok,ok,ok
131,,0583555,ok,V1,ok,ok,ok,ok,ok,ok,ok,ok,ok,ok,ok,ok,ok,ok,ok,ok,ok,ok
132,,0584860,ok,V1,ok,ok,ok,ok,ok,ok,ok,ok,ok,ok,ok,ok,ok,ok,ok,ok,ok,ok
133,,0605135,ok,V1,ok,ok,ok,ok,ok,ok,ok,ok,ok,ok,ok,ok,ok,ok,ok,ok,ok,ok
134,,0605438,ok,V1,ok,ok,ok,ok,ok,ok,ok,ok,ok,ok,ok,ok,ok,ok,ok,ok,ok,ok
135,,0614035,ok,V1,ok,ok,ok,ok,ok,ok,ok,ok,ok,ok,ok,ok,ok,ok,ok,ok,ok,ok
136,,0614237,ok,V1,ok,ok,ok,ok,ok,ok,ok,ok,ok,ok,ok,ok,ok,ok,ok,ok,ok,ok
137,,0616342,ok,V1,ok,ok,ok,ok,ok,ok,ok,ok,ok,ok,ok,ok,ok,ok,ok,ok,ok,ok
138,,0621638,ok,V1,ok,ok,ok,ok,ok,ok,ok,ok,ok,ok,ok,ok,ok,ok,ok,ok,ok,ok
139,,0626446,ok,V1,ok,ok,ok,ok,ok,ok,ok,ok,ok,ok,ok,ok,ok,ok,ok,ok,ok,ok
140,,0627549,ok,V1,ok,ok,ok,ok,ok,ok,ok,ok,ok,ok,ok,ok,ok,ok,ok,ok,ok,ok
141,,0627852,ok,V1,ok,ok,ok,ok,ok,ok,ok,ok,ok,ok,ok,ok,ok,ok,ok,ok,ok,ok
142,,0628854,ok,V1,ok,ok,ok,ok,ok,ok,ok,ok,ok,ok,ok,ok,ok,ok,ok,ok,ok,ok
143,,0630134,ok,V1,ok,ok,ok,ok,ok,ok,ok,ok,ok,ok,ok,ok,ok,ok,ok,ok,ok,ok
144,,0641341,ok,V1,ok,ok,ok,ok,ok,ok,ok,ok,ok,ok,ok,ok,ok,ok,ok,ok,ok,ok
145,,0643345,ok,V1,ok,ok,ok,ok,ok,ok,ok,ok,ok,ok,ok,ok,ok,ok,ok,ok,ok,ok
146,,0644044,ok,V1,ok,ok,ok,ok,ok,ok,ok,ok,ok,ok,ok,ok,ok,ok,ok,ok,ok,ok
147,,0662955,ok,V1,ok,ok,ok,ok,ok,ok,ok,ok,ok,ok,ok,ok,ok,ok,ok,ok,ok,ok
148,,0664656,ok,V1,ok,ok,ok,ok,ok,ok,ok,ok,ok,ok,ok,ok,ok,ok,ok,ok,ok,ok
149,,0667763,ok,V1,ok,ok,ok,ok,ok,ok,ok,ok,ok,ok,ok,ok,ok,ok,ok,ok,ok,ok
150,,0671956,ok,V1,ok,ok,ok,ok,ok,ok,ok,ok,ok,ok,ok,ok,ok,ok,ok,ok,ok,ok
151,,0676764,ok,V1,ok,ok,ok,ok,ok,ok,ok,ok,ok,ok,ok,ok,ok,ok,ok,ok,ok,ok
152,,0678970,ok,V1,ok,ok,ok,ok,ok,ok,ok,ok,ok,ok,ok,ok,ok,ok,ok,ok,ok,ok
153,,0679770,ok,V1,ok,ok,ok,ok,ok,ok,ok,ok,ok,ok,ok,ok,ok,ok,ok,ok,ok,ok
154,,0682557,ok,V1,ok,ok,ok,ok,ok,ok,ok,ok,ok,ok,ok,ok,ok,ok,ok,ok,ok,ok
155,,0684460,ok,V1,ok,ok,ok,ok,ok,ok,ok,ok,ok,ok,ok,ok,ok,ok,ok,ok,ok,ok
156,,0686666,ok,V1,ok,ok,ok,ok,ok,ok,ok,ok,ok,ok,ok,ok,ok,ok,ok,ok,ok,ok
157,,0692964,ok,V1,ok,ok,ok,ok,ok,ok,ok,ok,ok,ok,ok,ok,ok,ok,ok,ok,ok,ok
158,,0694564,ok,V1,ok,ok,ok,ok,ok,ok,ok,ok,ok,ok,ok,ok,ok,ok,ok,ok,ok,ok
159,,0696265,ok,V1,ok,ok,ok,ok,ok,ok,ok,ok,ok,ok,ok,ok,ok,ok,ok,ok,ok,ok
160,,0697772,ok,V1,ok,ok,ok,ok,ok,ok,ok,ok,ok,ok,ok,ok,ok,ok,ok,ok,ok,ok
161,,0703943,ok,V1,ok,ok,ok,ok,ok,ok,ok,ok,ok,ok,ok,ok,ok,ok,ok,ok,ok,ok
162,,0714443,ok,V1,ok,ok,ok,ok,ok,ok,ok,ok,ok,ok,ok,ok,ok,ok,ok,ok,ok,ok
163,,0717954,ok,V1,ok,ok,ok,ok,ok,ok,ok,ok,ok,ok,ok,ok,ok,ok,ok,ok,ok,ok
164,,0719352,ok,V1,ok,ok,ok,ok,ok,ok,ok,ok,ok,ok,ok,ok,ok,ok,ok,ok,ok,ok
165,,0721440,ok,V1,ok,ok,ok,ok,ok,ok,ok,ok,ok,ok,ok,ok,ok,ok,ok,ok,ok,ok
166,,0743955,ok,V1,ok,ok,ok,ok,ok,ok,ok,ok,ok,ok,ok,ok,ok,ok,ok,ok,ok,ok
167,,0750649,ok,V1,ok,ok,ok,ok,ok,ok,ok,ok,ok,ok,ok,ok,ok,ok,ok,ok,ok,ok
168,,0752855,ok,V1,ok,ok,ok,ok,ok,ok,ok,ok,ok,ok,ok,ok,ok,ok,ok,ok,ok,ok
169,,0755962,ok,V1,ok,ok,ok,ok,ok,ok,ok,ok,ok,ok,ok,ok,ok,ok,ok,ok,ok,ok
170,,0758867,ok,V1,ok,ok,ok,ok,ok,ok,ok,ok,ok,ok,ok,ok,ok,ok,ok,ok,ok,ok
171,,0772255,ok,V1,ok,ok,ok,ok,ok,ok,ok,ok,ok,ok,ok,ok,ok,ok,ok,ok,ok,ok
172,,0772760,ok,V1,ok,ok,ok,ok,ok,ok,ok,ok,ok,ok,ok,ok,ok,ok,ok,ok,ok,ok
173,,0777265,ok,V1,ok,ok,ok,ok,ok,ok,ok,ok,ok,ok,ok,ok,ok,ok,ok,ok,ok,ok
174,,0784060,ok,V1,ok,ok,ok,ok,ok,ok,ok,ok,ok,ok,ok,ok,ok,ok,ok,ok,ok,ok
175,,0786771,ok,V1,ok,ok,ok,ok,ok,ok,ok,ok,ok,ok,ok,ok,ok,ok,ok,ok,ok,ok
176,,0788674,ok,V1,ok,ok,ok,ok,ok,ok,ok,ok,ok,ok,ok,ok,ok,ok,ok,ok,ok,ok
177,,0789272,ok,V1,ok,ok,ok,ok,ok,ok,ok,ok,ok,ok,ok,ok,ok,ok,ok,ok,ok,ok
178,,0796067,ok,V1,ok,ok,ok,ok,ok,ok,ok,ok,ok,ok,ok,ok,ok,ok,ok,ok,ok,ok
179,,0797877,ok,V1,ok,ok,ok,ok,ok,ok,ok,ok,ok,ok,ok,ok,ok,ok,ok,ok,ok,ok
180,,0798273,ok,V1,ok,ok,ok,ok,ok,ok,ok,ok,ok,ok,ok,ok,ok,ok,ok,ok,ok,ok
181,,0801539,ok,V1,ok,ok,ok,ok,ok,ok,ok,ok,ok,ok,ok,ok,ok,ok,ok,ok,ok,ok
182,,0802440,ok,V1,ok,ok,ok,ok,ok,ok,ok,ok,ok,ok,ok,ok,ok,ok,ok,ok,ok,ok
183,,0804545,ok,V1,ok,ok,ok,ok,ok,ok,ok,ok,ok,ok,ok,ok,ok,ok,ok,ok,ok,ok
184,,0806751,ok,V1,ok,ok,ok,ok,ok,ok,ok,ok,ok,ok,ok,ok,ok,ok,ok,ok,ok,ok
185,,0808654,ok,V1,ok,ok,ok,ok,ok,ok,ok,ok,ok,ok,ok,ok,ok,ok,ok,ok,ok,ok
186,,0810035,ok,V1,ok,ok,ok,ok,ok,ok,ok,ok,ok,ok,ok,ok,ok,ok,ok,ok,ok,ok
187,,0812241,ok,V1,ok,ok,ok,ok,ok,ok,ok,ok,ok,ok,ok,ok,ok,ok,ok,ok,ok,ok
188,,0812746,ok,V1,ok,ok,ok,ok,ok,ok,ok,ok,ok,ok,ok,ok,ok,ok,ok,ok,ok,ok
189,,0822850,ok,V1,ok,ok,ok,ok,ok,ok,ok,ok,ok,ok,ok,ok,ok,ok,ok,ok,ok,ok
190,,0842250,ok,V1,ok,ok,ok,ok,ok,ok,ok,ok,ok,ok,ok,ok,ok,ok,ok,ok,ok,ok
191,,0845458,ok,V1,ok,ok,ok,ok,ok,ok,ok,ok,ok,ok,ok,ok,ok,ok,ok,ok,ok,ok
192,,0848060,ok,V1,ok,ok,ok,ok,ok,ok,ok,ok,ok,ok,ok,ok,ok,ok,ok,ok,ok,ok
193,,0848969,ok,V1,ok,ok,ok,ok,ok,ok,ok,ok,ok,ok,ok,ok,ok,ok,ok,ok,ok,ok
194,,0855562,ok,V1,ok,ok,ok,ok,ok,ok,ok,ok,ok,ok,ok,ok,ok,ok,ok,ok,ok,ok
195,,0857566,ok,V1,ok,ok,ok,ok,ok,ok,ok,ok,ok,ok,ok,ok,ok,ok,ok,ok,ok,ok
196,,0858467,ok,V1,ok,ok,ok,ok,ok,ok,ok,ok,ok,ok,ok,ok,ok,ok,ok,ok,ok,ok
197,,0861052,ok,V1,ok,ok,ok,ok,ok,ok,ok,ok,ok,ok,ok,ok,ok,ok,ok,ok,ok,ok
198,,0869371,ok,V1,ok,ok,ok,ok,ok,ok,ok,ok,ok,ok,ok,ok,ok,ok,ok,ok,ok,ok
199,,0889579,ok,V1,ok,ok,ok,ok,ok,ok,ok,ok,ok,ok,ok,ok,ok,ok,ok,ok,ok,ok
200,,0891566,ok,V1,ok,ok,ok,ok,ok,ok,ok,ok,ok,ok,ok,ok,ok,ok,ok,ok,ok,ok
201,,0894875,ok,V1,ok,ok,ok,ok,ok,ok,ok,ok,ok,ok,ok,ok,ok,ok,ok,ok,ok,ok
202,,0899582,ok,V1,ok,ok,ok,ok,ok,ok,ok,ok,ok,ok,ok,ok,ok,ok,ok,ok,ok,ok
203,,0902343,ok,V1,ok,ok,ok,ok,ok,ok,ok,ok,ok,ok,ok,ok,ok,ok,ok,ok,ok,ok
204,,0904650,ok,V1,ok,ok,ok,ok,ok,ok,ok,ok,ok,ok,ok,ok,ok,ok,ok,ok,ok,ok
205,,0906250,ok,V1,ok,ok,ok,ok,ok,ok,ok,ok,ok,ok,ok,ok,ok,ok,ok,ok,ok,ok
206,,0914956,ok,V1,ok,ok,ok,ok,ok,ok,ok,ok,ok,ok,ok,ok,ok,ok,ok,ok,ok,ok
207,,0919562,ok,V1,ok,ok,ok,ok,ok,ok,ok,ok,ok,ok,ok,ok,ok,ok,ok,ok,ok,ok
208,,0921145,ok,V1,ok,ok,ok,ok,ok,ok,ok,ok,ok,ok,ok,ok,ok,ok,ok,ok,ok,ok
209,,0921347,ok,V1,ok,ok,ok,ok,ok,ok,ok,ok,ok,ok,ok,ok,ok,ok,ok,ok,ok,ok
210,,0925759,ok,V1,ok,ok,ok,ok,ok,ok,ok,ok,ok,ok,ok,ok,ok,ok,ok,ok,ok,ok
211,,0933051,ok,V1,ok,ok,ok,ok,ok,ok,ok,ok,ok,ok,ok,ok,ok,ok,ok,ok,ok,ok
212,,0945967,ok,V1,ok,ok,ok,ok,ok,ok,ok,ok,ok,ok,ok,ok,ok,ok,ok,ok,ok,ok
213,,0946868,ok,V1,ok,ok,ok,ok,ok,ok,ok,ok,ok,ok,ok,ok,ok,ok,ok,ok,ok,ok
214,,0947365,ok,V1,ok,ok,ok,ok,ok,ok,ok,ok,ok,ok,ok,ok,ok,ok,ok,ok,ok,ok
215,,0949874,ok,V1,ok,ok,ok,ok,ok,ok,ok,ok,ok,ok,ok,ok,ok,ok,ok,ok,ok,ok
216,,0951861,ok,V1,ok,ok,ok,ok,ok,ok,ok,ok,ok,ok,ok,ok,ok,ok,ok,ok,ok,ok
217,,0956871,ok,V1,ok,ok,ok,ok,ok,ok,ok,ok,ok,ok,ok,ok,ok,ok,ok,ok,ok,ok
218,,0957368,ok,V1,ok,ok,ok,ok,ok,ok,ok,ok,ok,ok,ok,ok,ok,ok,ok,ok,ok,ok
219,,0960155,ok,V1,ok,ok,ok,ok,ok,ok,ok,ok,ok,ok,ok,ok,ok,ok,ok,ok,ok,ok
220,,0960458,ok,V1,ok,ok,ok,ok,ok,ok,ok,ok,ok,ok,ok,ok,ok,ok,ok,ok,ok,ok
221,,0968878,ok,V1,ok,ok,ok,ok,ok,ok,ok,ok,ok,ok,ok,ok,ok,ok,ok,ok,ok,ok
222,,0969072,ok,V1,ok,ok,ok,ok,ok,ok,ok,ok,ok,ok,ok,ok,ok,ok,ok,ok,ok,ok
223,,0977576,ok,V1,ok,ok,ok,ok,ok,ok,ok,ok,ok,ok,ok,ok,ok,ok,ok,ok,ok,ok
224,,0979378,ok,V1,ok,ok,ok,ok,ok,ok,ok,ok,ok,ok,ok,ok,ok,ok,ok,ok,ok,ok
225,,0980262,ok,V1,ok,ok,ok,ok,ok,ok,ok,ok,ok,ok,ok,ok,ok,ok,ok,ok,ok,ok
226,,0988682,ok,V1,ok,ok,ok,ok,ok,ok,ok,ok,ok,ok,ok,ok,ok,ok,ok,ok,ok,ok
227,,0995477,ok,V1,ok,ok,ok,ok,ok,ok,ok,ok,ok,ok,ok,ok,ok,ok,ok,ok,ok,ok
228,,0997380,ok,V1,ok,ok,ok,ok,ok,ok,ok,ok,ok,ok,ok,ok,ok,ok,ok,ok,ok,ok
229,,1003617,ok,V1,ok,ok,ok,ok,ok,ok,ok,ok,ok,ok,ok,ok,ok,ok,ok,ok,ok,ok
230,,1007221,ok,V1,ok,ok,ok,ok,ok,ok,ok,ok,ok,ok,ok,ok,ok,ok,ok,ok,ok,ok
231,,1007423,ok,V1,ok,ok,ok,ok,ok,ok,ok,ok,ok,ok,ok,ok,ok,ok,ok,ok,ok,ok
232,,1010311,ok,V1,ok,ok,ok,ok,ok,ok,ok,ok,ok,ok,ok,ok,ok,ok,ok,ok,ok,ok
233,,1010412,ok,V1,ok,ok,ok,ok,ok,ok,ok,ok,ok,ok,ok,ok,ok,ok,ok,ok,ok,ok
234,,1012719,ok,V1,ok,ok,ok,ok,ok,ok,ok,ok,ok,ok,ok,ok,ok,ok,ok,ok,ok,ok
235,,1013014,ok,V1,ok,ok,ok,ok,ok,ok,ok,ok,ok,ok,ok,ok,ok,ok,ok,ok,ok,ok
236,,1014723,ok,V1,ok,ok,ok,ok,ok,ok,ok,ok,ok,ok,ok,ok,ok,ok,ok,ok,ok,ok
237,,1016929,ok,V1,ok,ok,ok,ok,ok,ok,ok,ok,ok,ok,ok,ok,ok,ok,ok,ok,ok,ok
238,,1017729,ok,V1,ok,ok,ok,ok,ok,ok,ok,ok,ok,ok,ok,ok,ok,ok,ok,ok,ok,ok
239,,1017931,ok,V1,ok,ok,ok,ok,ok,ok,ok,ok,ok,ok,ok,ok,ok,ok,ok,ok,ok,ok
240,,1022722,ok,V1,ok,ok,ok,ok,ok,ok,ok,ok,ok,ok,ok,ok,ok,ok,ok,ok,ok,ok
241,,1029837,ok,V1,ok,ok,ok,ok,ok,ok,ok,ok,ok,ok,ok,ok,ok,ok,ok,ok,ok,ok
242,,1036834,ok,V1,ok,ok,ok,ok,ok,ok,ok,ok,ok,ok,ok,ok,ok,ok,ok,ok,ok,ok
243,,1039032,ok,V1,ok,ok,ok,ok,ok,ok,ok,ok,ok,ok,ok,ok,ok,ok,ok,ok,ok,ok
244,,1042223,ok,V1,ok,ok,ok,ok,ok,ok,ok,ok,ok,ok,ok,ok,ok,ok,ok,ok,ok,ok
245,,1057337,ok,V1,ok,ok,ok,ok,ok,ok,ok,ok,ok,ok,ok,ok,ok,ok,ok,ok,ok,ok
246,,1071634,ok,V1,ok,ok,ok,ok,ok,ok,ok,ok,ok,ok,ok,ok,ok,ok,ok,ok,ok,ok
247,,1071836,ok,V1,ok,ok,ok,ok,ok,ok,ok,ok,ok,ok,ok,ok,ok,ok,ok,ok,ok,ok
248,,1093139,ok,V1,ok,ok,ok,ok,ok,ok,ok,ok,ok,ok,ok,ok,ok,ok,ok,ok,ok,ok
249,,1103419,ok,V1,ok,ok,ok,ok,ok,ok,ok,ok,ok,ok,ok,ok,ok,ok,ok,ok,ok,ok
250,,1106728,ok,V1,ok,ok,ok,ok,ok,ok,ok,ok,ok,ok,ok,ok,ok,ok,ok,ok,ok,ok
251,,1108833,ok,V1,ok,ok,ok,ok,ok,ok,ok,ok,ok,ok,ok,ok,ok,ok,ok,ok,ok,ok
252,,1111822,ok,V1,ok,ok,ok,ok,ok,ok,ok,ok,ok,ok,ok,ok,ok,ok,ok,ok,ok,ok
253,,1113220,ok,V1,ok,ok,ok,ok,ok,ok,ok,ok,ok,ok,ok,ok,ok,ok,ok,ok,ok,ok
254,,1119030,ok,V1,ok,ok,ok,ok,ok,ok,ok,ok,ok,ok,ok,ok,ok,ok,ok,ok,ok,ok
255,,1120015,ok,V1,ok,ok,ok,ok,ok,ok,ok,ok,ok,ok,ok,ok,ok,ok,ok,ok,ok,ok
256,,1123526,ok,V1,ok,ok,ok,ok,ok,ok,ok,ok,ok,ok,ok,ok,ok,ok,ok,ok,ok,ok
257,,1128738,ok,V1,ok,ok,ok,ok,ok,ok,ok,ok,ok,ok,ok,ok,ok,ok,ok,ok,ok,ok
258,,1129235,ok,V1,ok,ok,ok,ok,ok,ok,ok,ok,ok,ok,ok,ok,ok,ok,ok,ok,ok,ok
259,,1131222,ok,V1,ok,ok,ok,ok,ok,ok,ok,ok,ok,ok,ok,ok,ok,ok,ok,ok,ok,ok
260,,1139541,ok,V1,ok,ok,ok,ok,ok,ok,ok,ok,ok,ok,ok,ok,ok,ok,ok,ok,ok,ok
261,,1156036,ok,V1,ok,ok,ok,ok,ok,ok,ok,ok,ok,ok,ok,ok,ok,ok,ok,ok,ok,ok
262,,1159446,ok,V1,ok,ok,ok,ok,ok,ok,ok,ok,ok,ok,ok,ok,ok,ok,ok,ok,ok,ok
263,,1162334,ok,V1,ok,ok,ok,ok,ok,ok,ok,ok,ok,ok,ok,ok,ok,ok,ok,ok,ok,ok
264,,1168245,ok,V1,ok,ok,ok,ok,ok,ok,ok,ok,ok,ok,ok,ok,ok,ok,ok,ok,ok,ok
265,,1175343,ok,V1,ok,ok,ok,ok,ok,ok,ok,ok,ok,ok,ok,ok,ok,ok,ok,ok,ok,ok
266,,1181843,ok,V1,ok,ok,ok,ok,ok,ok,ok,ok,ok,ok,ok,ok,ok,ok,ok,ok,ok,ok
267,,1184950,ok,V1,ok,ok,ok,ok,ok,ok,ok,ok,ok,ok,ok,ok,ok,ok,ok,ok,ok,ok
268,,1187653,ok,V1,ok,ok,ok,ok,ok,ok,ok,ok,ok,ok,ok,ok,ok,ok,ok,ok,ok,ok
269,,1196553,ok,V1,ok,ok,ok,ok,ok,ok,ok,ok,ok,ok,ok,ok,ok,ok,ok,ok,ok,ok
270,,1197757,ok,V1,ok,ok,ok,ok,ok,ok,ok,ok,ok,ok,ok,ok,ok,ok,ok,ok,ok,ok
271,,1202320,ok,V1,ok,ok,ok,ok,ok,ok,ok,ok,ok,ok,ok,ok,ok,ok,ok,ok,ok,ok
272,,1203928,ok,V1,ok,ok,ok,ok,ok,ok,ok,ok,ok,ok,ok,ok,ok,ok,ok,ok,ok,ok
273,,1205326,ok,V1,ok,ok,ok,ok,ok,ok,ok,ok,ok,ok,ok,ok,ok,ok,ok,ok,ok,ok
274,,1209536,ok,V1,ok,ok,ok,ok,ok,ok,ok,ok,ok,ok,ok,ok,ok,ok,ok,ok,ok,ok
275,,1215632,ok,V1,ok,ok,ok,ok,ok,ok,ok,ok,ok,ok,ok,ok,ok,ok,ok,ok,ok,ok
276,,1221627,ok,V1,ok,ok,ok,ok,ok,ok,ok,ok,ok,ok,ok,ok,ok,ok,ok,ok,ok,ok
277,,1223833,ok,V1,ok,ok,ok,ok,ok,ok,ok,ok,ok,ok,ok,ok,ok,ok,ok,ok,ok,ok
278,,1223934,ok,V1,ok,ok,ok,ok,ok,ok,ok,ok,ok,ok,ok,ok,ok,ok,ok,ok,ok,ok
279,,1227134,ok,V1,ok,ok,ok,ok,ok,ok,ok,ok,ok,ok,ok,ok,ok,ok,ok,ok,ok,ok
280,,1227740,ok,V1,ok,ok,ok,ok,ok,ok,ok,ok,ok,ok,ok,ok,ok,ok,ok,ok,ok,ok
281,,1231832,ok,V1,ok,ok,ok,ok,ok,ok,ok,ok,ok,ok,ok,ok,ok,ok,ok,ok,ok,ok
282,,1237844,ok,V1,ok,ok,ok,ok,ok,ok,ok,ok,ok,ok,ok,ok,ok,ok,ok,ok,ok,ok
283,,1239343,ok,V1,ok,ok,ok,ok,ok,ok,ok,ok,ok,ok,ok,ok,ok,ok,ok,ok,ok,ok
284,,1240530,ok,V1,ok,ok,ok,ok,ok,ok,ok,ok,ok,ok,ok,ok,ok,ok,ok,ok,ok,ok
285,,1262136,ok,V1,ok,ok,ok,ok,ok,ok,ok,ok,ok,ok,ok,ok,ok,ok,ok,ok,ok,ok
286,,1267348,ok,V1,ok,ok,ok,ok,ok,ok,ok,ok,ok,ok,ok,ok,ok,ok,ok,ok,ok,ok
287,,1277149,ok,V1,ok,ok,ok,ok,ok,ok,ok,ok,ok,ok,ok,ok,ok,ok,ok,ok,ok,ok
288,,1282142,ok,V1,ok,ok,ok,ok,ok,ok,ok,ok,ok,ok,ok,ok,ok,ok,ok,ok,ok,ok
289,,1285956,ok,V1,ok,ok,ok,ok,ok,ok,ok,ok,ok,ok,ok,ok,ok,ok,ok,ok,ok,ok
290,,1289358,ok,V1,ok,ok,ok,ok,ok,ok,ok,ok,ok,ok,ok,ok,ok,ok,ok,ok,ok,ok
291,,1293349,ok,V1,ok,ok,ok,ok,ok,ok,ok,ok,ok,ok,ok,ok,ok,ok,ok,ok,ok,ok
292,,1294755,ok,V1,ok,ok,ok,ok,ok,ok,ok,ok,ok,ok,ok,ok,ok,ok,ok,ok,ok,ok
293,,1305936,ok,V1,ok,ok,ok,ok,ok,ok,ok,ok,ok,ok,ok,ok,ok,ok,ok,ok,ok,ok
294,,1306130,ok,V1,ok,ok,ok,ok,ok,ok,ok,ok,ok,ok,ok,ok,ok,ok,ok,ok,ok,ok
295,,1315737,ok,V1,ok,ok,ok,ok,ok,ok,ok,ok,ok,ok,ok,ok,ok,ok,ok,ok,ok,ok
296,,1327744,ok,V1,ok,ok,ok,ok,ok,ok,ok,ok,ok,ok,ok,ok,ok,ok,ok,ok,ok,ok
297,,1328241,ok,V1,ok,ok,ok,ok,ok,ok,ok,ok,ok,ok,ok,ok,ok,ok,ok,ok,ok,ok
298,,1328948,ok,V1,ok,ok,ok,ok,ok,ok,ok,ok,ok,ok,ok,ok,ok,ok,ok,ok,ok,ok
299,,1342033,ok,V1,ok,ok,ok,ok,ok,ok,ok,ok,ok,ok,ok,ok,ok,ok,ok,ok,ok,ok
300,,1346849,ok,V1,ok,ok,ok,ok,ok,ok,ok,ok,ok,ok,ok,ok,ok,ok,ok,ok,ok,ok
301,,1350638,ok,V1,ok,ok,ok,ok,ok,ok,ok,ok,ok,ok,ok,ok,ok,ok,ok,ok,ok,ok
302,,1358149,ok,V1,ok,ok,ok,ok,ok,ok,ok,ok,ok,ok,ok,ok,ok,ok,ok,ok,ok,ok
303,,1361441,ok,V1,ok,ok,ok,ok,ok,ok,ok,ok,ok,ok,ok,ok,ok,ok,ok,ok,ok,ok
304,,1363546,ok,V1,ok,ok,ok,ok,ok,ok,ok,ok,ok,ok,ok,ok,ok,ok,ok,ok,ok,ok
305,,1371848,ok,V1,ok,ok,ok,ok,ok,ok,ok,ok,ok,ok,ok,ok,ok,ok,ok,ok,ok,ok
306,,1375755,ok,V1,ok,ok,ok,ok,ok,ok,ok,ok,ok,ok,ok,ok,ok,ok,ok,ok,ok,ok
307,,1376252,ok,V1,ok,ok,ok,ok,ok,ok,ok,ok,ok,ok,ok,ok,ok,ok,ok,ok,ok,ok
308,,1380849,ok,V1,ok,ok,ok,ok,ok,ok,ok,ok,ok,ok,ok,ok,ok,ok,ok,ok,ok,ok
309,,1387055,ok,V1,ok,ok,ok,ok,ok,ok,ok,ok,ok,ok,ok,ok,ok,ok,ok,ok,ok,ok
310,,1389665,ok,V1,ok,ok,ok,ok,ok,ok,ok,ok,ok,ok,ok,ok,ok,ok,ok,ok,ok,ok
311,,1395458,ok,V1,ok,ok,ok,ok,ok,ok,ok,ok,ok,ok,ok,ok,ok,ok,ok,ok,ok,ok
312,,1396662,ok,V1,ok,ok,ok,ok,ok,ok,ok,ok,ok,ok,ok,ok,ok,ok,ok,ok,ok,ok
313,,1400728,ok,V1,ok,ok,ok,ok,ok,ok,ok,ok,ok,ok,ok,ok,ok,ok,ok,ok,ok,ok
314,,1404231,ok,V1,ok,ok,ok,ok,ok,ok,ok,ok,ok,ok,ok,ok,ok,ok,ok,ok,ok,ok
315,,1409342,ok,V1,ok,ok,ok,ok,ok,ok,ok,ok,ok,ok,ok,ok,ok,ok,ok,ok,ok,ok
316,,1410933,ok,V1,ok,ok,ok,ok,ok,ok,ok,ok,ok,ok,ok,ok,ok,ok,ok,ok,ok,ok
317,,1411632,ok,V1,ok,ok,ok,ok,ok,ok,ok,ok,ok,ok,ok,ok,ok,ok,ok,ok,ok,ok
318,,1411935,ok,V1,ok,ok,ok,ok,ok,ok,ok,ok,ok,ok,ok,ok,ok,ok,ok,ok,ok,ok
319,,1433743,ok,V1,ok,ok,ok,ok,ok,ok,ok,ok,ok,ok,ok,ok,ok,ok,ok,ok,ok,ok
320,,1435646,ok,V1,ok,ok,ok,ok,ok,ok,ok,ok,ok,ok,ok,ok,ok,ok,ok,ok,ok,ok
321,,1444142,ok,V1,ok,ok,ok,ok,ok,ok,ok,ok,ok,ok,ok,ok,ok,ok,ok,ok,ok,ok
322,,1445245,ok,V1,ok,ok,ok,ok,ok,ok,ok,ok,ok,ok,ok,ok,ok,ok,ok,ok,ok,ok
323,,1456048,ok,V1,ok,ok,ok,ok,ok,ok,ok,ok,ok,ok,ok,ok,ok,ok,ok,ok,ok,ok
324,,1458153,ok,V1,ok,ok,ok,ok,ok,ok,ok,ok,ok,ok,ok,ok,ok,ok,ok,ok,ok,ok
325,,1462548,ok,V1,ok,ok,ok,ok,ok,ok,ok,ok,ok,ok,ok,ok,ok,ok,ok,ok,ok,ok
326,,1464451,ok,V1,ok,ok,ok,ok,ok,ok,ok,ok,ok,ok,ok,ok,ok,ok,ok,ok,ok,ok
327,,1464653,ok,V1,ok,ok,ok,ok,ok,ok,ok,ok,ok,ok,ok,ok,ok,ok,ok,ok,ok,ok
328,,1477056,ok,V1,ok,ok,ok,ok,ok,ok,ok,ok,ok,ok,ok,ok,ok,ok,ok,ok,ok,ok
329,,1479262,ok,V1,ok,ok,ok,ok,ok,ok,ok,ok,ok,ok,ok,ok,ok,ok,ok,ok,ok,ok
330,,1479969,ok,V1,ok,ok,ok,ok,ok,ok,ok,ok,ok,ok,ok,ok,ok,ok,ok,ok,ok,ok
331,,1490048,ok,V1,ok,ok,ok,ok,ok,ok,ok,ok,ok,ok,ok,ok,ok,ok,ok,ok,ok,ok
332,,1491252,ok,V1,ok,ok,ok,ok,ok,ok,ok,ok,ok,ok,ok,ok,ok,ok,ok,ok,ok,ok
333,,1491454,ok,V1,ok,ok,ok,ok,ok,ok,ok,ok,ok,ok,ok,ok,ok,ok,ok,ok,ok,ok
334,,1493761,ok,V1,ok,ok,ok,ok,ok,ok,ok,ok,ok,ok,ok,ok,ok,ok,ok,ok,ok,ok
335,,1496767,ok,V1,ok,ok,ok,ok,ok,ok,ok,ok,ok,ok,ok,ok,ok,ok,ok,ok,ok,ok
336,,1500025,ok,V1,ok,ok,ok,ok,ok,ok,ok,ok,ok,ok,ok,ok,ok,ok,ok,ok,ok,ok
337,,1501936,ok,V1,ok,ok,ok,ok,ok,ok,ok,ok,ok,ok,ok,ok,ok,ok,ok,ok,ok,ok
338,,1502635,ok,V1,ok,ok,ok,ok,ok,ok,ok,ok,ok,ok,ok,ok,ok,ok,ok,ok,ok,ok
339,,1504437,ok,V1,ok,ok,ok,ok,ok,ok,ok,ok,ok,ok,ok,ok,ok,ok,ok,ok,ok,ok
340,,1510432,ok,V1,ok,ok,ok,ok,ok,ok,ok,ok,ok,ok,ok,ok,ok,ok,ok,ok,ok,ok
341,,1514945,ok,V1,ok,ok,ok,ok,ok,ok,ok,ok,ok,ok,ok,ok,ok,ok,ok,ok,ok,ok
342,,1518448,ok,V1,ok,ok,ok,ok,ok,ok,ok,ok,ok,ok,ok,ok,ok,ok,ok,ok,ok,ok
343,,1522338,ok,V1,ok,ok,ok,ok,ok,ok,ok,ok,ok,ok,ok,ok,ok,ok,ok,ok,ok,ok
344,,1527045,ok,V1,ok,ok,ok,ok,ok,ok,ok,ok,ok,ok,ok,ok,ok,ok,ok,ok,ok,ok
345,,1529756,ok,V1,ok,ok,ok,ok,ok,ok,ok,ok,ok,ok,ok,ok,ok,ok,ok,ok,ok,ok
346,,1534244,ok,V1,ok,ok,ok,ok,ok,ok,ok,ok,ok,ok,ok,ok,ok,ok,ok,ok,ok,ok
347,,1543851,ok,V1,ok,ok,ok,ok,ok,ok,ok,ok,ok,ok,ok,ok,ok,ok,ok,ok,ok,ok
348,,1546857,ok,V1,ok,ok,ok,ok,ok,ok,ok,ok,ok,ok,ok,ok,ok,ok,ok,ok,ok,ok
349,,1553551,ok,V1,ok,ok,ok,ok,ok,ok,ok,ok,ok,ok,ok,ok,ok,ok,ok,ok,ok,ok
350,,1557054,ok,V1,ok,ok,ok,ok,ok,ok,ok,ok,ok,ok,ok,ok,ok,ok,ok,ok,ok,ok
351,,1565356,ok,V1,ok,ok,ok,ok,ok,ok,ok,ok,ok,ok,ok,ok,ok,ok,ok,ok,ok,ok
352,,1568867,ok,V1,ok,ok,ok,ok,ok,ok,ok,ok,ok,ok,ok,ok,ok,ok,ok,ok,ok,ok
353,,1571351,ok,V1,ok,ok,ok,ok,ok,ok,ok,ok,ok,ok,ok,ok,ok,ok,ok,ok,ok,ok
354,,1575359,ok,V1,ok,ok,ok,ok,ok,ok,ok,ok,ok,ok,ok,ok,ok,ok,ok,ok,ok,ok
355,,1578365,ok,V1,ok,ok,ok,ok,ok,ok,ok,ok,ok,ok,ok,ok,ok,ok,ok,ok,ok,ok
356,,1581455,ok,V1,ok,ok,ok,ok,ok,ok,ok,ok,ok,ok,ok,ok,ok,ok,ok,ok,ok,ok
357,,1590860,ok,V1,ok,ok,ok,ok,ok,ok,ok,ok,ok,ok,ok,ok,ok,ok,ok,ok,ok,ok
358,,1594767,ok,V1,ok,ok,ok,ok,ok,ok,ok,ok,ok,ok,ok,ok,ok,ok,ok,ok,ok,ok
359,,1600332,ok,V1,ok,ok,ok,ok,ok,ok,ok,ok,ok,ok,ok,ok,ok,ok,ok,ok,ok,ok
360,,1609148,ok,V1,ok,ok,ok,ok,ok,ok,ok,ok,ok,ok,ok,ok,ok,ok,ok,ok,ok,ok
361,,1610436,ok,V1,ok,ok,ok,ok,ok,ok,ok,ok,ok,ok,ok,ok,ok,ok,ok,ok,ok,ok
362,,1612238,ok,V1,ok,ok,ok,ok,ok,ok,ok,ok,ok,ok,ok,ok,ok,ok,ok,ok,ok,ok
363,,1612844,ok,V1,ok,ok,ok,ok,ok,ok,ok,ok,ok,ok,ok,ok,ok,ok,ok,ok,ok,ok
364,,1617450,ok,V1,ok,ok,ok,ok,ok,ok,ok,ok,ok,ok,ok,ok,ok,ok,ok,ok,ok,ok
365,,1622342,ok,V1,ok,ok,ok,ok,ok,ok,ok,ok,ok,ok,ok,ok,ok,ok,ok,ok,ok,ok
366,,1623142,ok,V1,ok,ok,ok,ok,ok,ok,ok,ok,ok,ok,ok,ok,ok,ok,ok,ok,ok,ok
367,,1626653,ok,V1,ok,ok,ok,ok,ok,ok,ok,ok,ok,ok,ok,ok,ok,ok,ok,ok,ok,ok
368,,1630139,ok,V1,ok,ok,ok,ok,ok,ok,ok,ok,ok,ok,ok,ok,ok,ok,ok,ok,ok,ok
369,,1631646,ok,V1,ok,ok,ok,ok,ok,ok,ok,ok,ok,ok,ok,ok,ok,ok,ok,ok,ok,ok
370,,1633751,ok,V1,ok,ok,ok,ok,ok,ok,ok,ok,ok,ok,ok,ok,ok,ok,ok,ok,ok,ok
371,,1643855,ok,V1,ok,ok,ok,ok,ok,ok,ok,ok,ok,ok,ok,ok,ok,ok,ok,ok,ok,ok
372,,1646154,ok,V1,ok,ok,ok,ok,ok,ok,ok,ok,ok,ok,ok,ok,ok,ok,ok,ok,ok,ok
373,,1647863,ok,V1,ok,ok,ok,ok,ok,ok,ok,ok,ok,ok,ok,ok,ok,ok,ok,ok,ok,ok
374,,1656359,ok,V1,ok,ok,ok,ok,ok,ok,ok,ok,ok,ok,ok,ok,ok,ok,ok,ok,ok,ok
375,,1658565,ok,V1,ok,ok,ok,ok,ok,ok,ok,ok,ok,ok,ok,ok,ok,ok,ok,ok,ok,ok
376,,1658969,ok,V1,ok,ok,ok,ok,ok,ok,ok,ok,ok,ok,ok,ok,ok,ok,ok,ok,ok,ok
377,,1663053,ok,V1,ok,ok,ok,ok,ok,ok,ok,ok,ok,ok,ok,ok,ok,ok,ok,ok,ok,ok
378,,1664762,ok,V1,ok,ok,ok,ok,ok,ok,ok,ok,ok,ok,ok,ok,ok,ok,ok,ok,ok,ok
379,,1668164,ok,V1,ok,ok,ok,ok,ok,ok,ok,ok,ok,ok,ok,ok,ok,ok,ok,ok,ok,ok
380,,1681257,ok,V1,ok,ok,ok,ok,ok,ok,ok,ok,ok,ok,ok,ok,ok,ok,ok,ok,ok,ok
381,,1685164,ok,V1,ok,ok,ok,ok,ok,ok,ok,ok,ok,ok,ok,ok,ok,ok,ok,ok,ok,ok
382,,1686267,ok,V1,ok,ok,ok,ok,ok,ok,ok,ok,ok,ok,ok,ok,ok,ok,ok,ok,ok,ok
383,,1694569,ok,V1,ok,ok,ok,ok,ok,ok,ok,ok,ok,ok,ok,ok,ok,ok,ok,ok,ok,ok
384,,1701338,ok,V1,ok,ok,ok,ok,ok,ok,ok,ok,ok,ok,ok,ok,ok,ok,ok,ok,ok,ok
385,,1712444,ok,V1,ok,ok,ok,ok,ok,ok,ok,ok,ok,ok,ok,ok,ok,ok,ok,ok,ok,ok
386,,1714852,ok,V1,ok,ok,ok,ok,ok,ok,ok,ok,ok,ok,ok,ok,ok,ok,ok,ok,ok,ok
387,,1723651,ok,V1,ok,ok,ok,ok,ok,ok,ok,ok,ok,ok,ok,ok,ok,ok,ok,ok,ok,ok
388,,1729562,ok,V1,ok,ok,ok,ok,ok,ok,ok,ok,ok,ok,ok,ok,ok,ok,ok,ok,ok,ok
389,,1734858,ok,V1,ok,ok,ok,ok,ok,ok,ok,ok,ok,ok,ok,ok,ok,ok,ok,ok,ok,ok
390,,1742958,ok,V1,ok,ok,ok,ok,ok,ok,ok,ok,ok,ok,ok,ok,ok,ok,ok,ok,ok,ok
391,,1749467,ok,V1,ok,ok,ok,ok,ok,ok,ok,ok,ok,ok,ok,ok,ok,ok,ok,ok,ok,ok
392,,1749770,ok,V1,ok,ok,ok,ok,ok,ok,ok,ok,ok,ok,ok,ok,ok,ok,ok,ok,ok,ok
393,,1756060,ok,V1,ok,ok,ok,ok,ok,ok,ok,ok,ok,ok,ok,ok,ok,ok,ok,ok,ok,ok
394,,1756262,ok,V1,ok,ok,ok,ok,ok,ok,ok,ok,ok,ok,ok,ok,ok,ok,ok,ok,ok,ok
395,,1757062,ok,V1,ok,ok,ok,ok,ok,ok,ok,ok,ok,ok,ok,ok,ok,ok,ok,ok,ok,ok
396,,1759571,ok,V1,ok,ok,ok,ok,ok,ok,ok,ok,ok,ok,ok,ok,ok,ok,ok,ok,ok,ok
397,,1761356,ok,V1,ok,ok,ok,ok,ok,ok,ok,ok,ok,ok,ok,ok,ok,ok,ok,ok,ok,ok
398,,1762661,ok,V1,ok,ok,ok,ok,ok,ok,ok,ok,ok,ok,ok,ok,ok,ok,ok,ok,ok,ok
399,,1765970,ok,V1,ok,ok,ok,ok,ok,ok,ok,ok,ok,ok,ok,ok,ok,ok,ok,ok,ok,ok
400,,1769978,ok,V1,ok,ok,ok,ok,ok,ok,ok,ok,ok,ok,ok,ok,ok,ok,ok,ok,ok,ok
401,,1778070,ok,V1,ok,ok,ok,ok,ok,ok,ok,ok,ok,ok,ok,ok,ok,ok,ok,ok,ok,ok
402,,1778474,ok,V1,ok,ok,ok,ok,ok,ok,ok,ok,ok,ok,ok,ok,ok,ok,ok,ok,ok,ok
403,,1783366,ok,V1,ok,ok,ok,ok,ok,ok,ok,ok,ok,ok,ok,ok,ok,ok,ok,ok,ok,ok
404,,1785572,ok,V1,ok,ok,ok,ok,ok,ok,ok,ok,ok,ok,ok,ok,ok,ok,ok,ok,ok,ok
405,,1787677,ok,V1,ok,ok,ok,ok,ok,ok,ok,ok,ok,ok,ok,ok,ok,ok,ok,ok,ok,ok
406,,1791163,ok,V1,ok,ok,ok,ok,ok,ok,ok,ok,ok,ok,ok,ok,ok,ok,ok,ok,ok,ok
407,,1794977,ok,V1,ok,ok,ok,ok,ok,ok,ok,ok,ok,ok,ok,ok,ok,ok,ok,ok,ok,ok
408,,1796577,ok,V1,ok,ok,ok,ok,ok,ok,ok,ok,ok,ok,ok,ok,ok,ok,ok,ok,ok,ok
409,,1798985,ok,V1,ok,ok,ok,ok,ok,ok,ok,ok,ok,ok,ok,ok,ok,ok,ok,ok,ok,ok
410,,1801140,ok,V1,ok,ok,ok,ok,ok,ok,ok,ok,ok,ok,ok,ok,ok,ok,ok,ok,ok,ok
411,,1807051,ok,V1,ok,ok,ok,ok,ok,ok,ok,ok,ok,ok,ok,ok,ok,ok,ok,ok,ok,ok
412,,1812044,ok,V1,ok,ok,ok,ok,ok,ok,ok,ok,ok,ok,ok,ok,ok,ok,ok,ok,ok,ok
413,,1826661,ok,V1,ok,ok,ok,ok,ok,ok,ok,ok,ok,ok,ok,ok,ok,ok,ok,ok,ok,ok
414,,1838567,ok,V1,ok,ok,ok,ok,ok,ok,ok,ok,ok,ok,ok,ok,ok,ok,ok,ok,ok,ok
415,,1840251,ok,V1,ok,ok,ok,ok,ok,ok,ok,ok,ok,ok,ok,ok,ok,ok,ok,ok,ok,ok
416,,1842558,ok,V1,ok,ok,ok,ok,ok,ok,ok,ok,ok,ok,ok,ok,ok,ok,ok,ok,ok,ok
417,,1845160,ok,V1,ok,ok,ok,ok,ok,ok,ok,ok,ok,ok,ok,ok,ok,ok,ok,ok,ok,ok
418,,1847972,ok,V1,ok,ok,ok,ok,ok,ok,ok,ok,ok,ok,ok,ok,ok,ok,ok,ok,ok,ok
419,,1852056,ok,V1,ok,ok,ok,ok,ok,ok,ok,ok,ok,ok,ok,ok,ok,ok,ok,ok,ok,ok
420,,1854767,ok,V1,ok,ok,ok,ok,ok,ok,ok,ok,ok,ok,ok,ok,ok,ok,ok,ok,ok,ok
421,,1855365,ok,V1,ok,ok,ok,ok,ok,ok,ok,ok,ok,ok,ok,ok,ok,ok,ok,ok,ok,ok
422,,1856468,ok,V1,ok,ok,ok,ok,ok,ok,ok,ok,ok,ok,ok,ok,ok,ok,ok,ok,ok,ok
423,,1857066,ok,V1,ok,ok,ok,ok,ok,ok,ok,ok,ok,ok,ok,ok,ok,ok,ok,ok,ok,ok
424,,1863465,ok,V1,ok,ok,ok,ok,ok,ok,ok,ok,ok,ok,ok,ok,ok,ok,ok,ok,ok,ok
425,,1870159,ok,V1,ok,ok,ok,ok,ok,ok,ok,ok,ok,ok,ok,ok,ok,ok,ok,ok,ok,ok
426,,1871969,ok,V1,ok,ok,ok,ok,ok,ok,ok,ok,ok,ok,ok,ok,ok,ok,ok,ok,ok,ok
427,,1872971,ok,V1,ok,ok,ok,ok,ok,ok,ok,ok,ok,ok,ok,ok,ok,ok,ok,ok,ok,ok
428,,1880162,ok,V1,ok,ok,ok,ok,ok,ok,ok,ok,ok,ok,ok,ok,ok,ok,ok,ok,ok,ok
429,,1880465,ok,V1,ok,ok,ok,ok,ok,ok,ok,ok,ok,ok,ok,ok,ok,ok,ok,ok,ok,ok
430,,1881164,ok,V1,ok,ok,ok,ok,ok,ok,ok,ok,ok,ok,ok,ok,ok,ok,ok,ok,ok,ok
431,,1886275,ok,V1,ok,ok,ok,ok,ok,ok,ok,ok,ok,ok,ok,ok,ok,ok,ok,ok,ok,ok
432,,1886477,ok,V1,ok,ok,ok,ok,ok,ok,ok,ok,ok,ok,ok,ok,ok,ok,ok,ok,ok,ok
433,,1886881,ok,V1,ok,ok,ok,ok,ok,ok,ok,ok,ok,ok,ok,ok,ok,ok,ok,ok,ok,ok
434,,1892371,ok,V1,ok,ok,ok,ok,ok,ok,ok,ok,ok,ok,ok,ok,ok,ok,ok,ok,ok,ok
435,,1900142,ok,V1,ok,ok,ok,ok,ok,ok,ok,ok,ok,ok,ok,ok,ok,ok,ok,ok,ok,ok
436,,1903350,ok,V1,ok,ok,ok,ok,ok,ok,ok,ok,ok,ok,ok,ok,ok,ok,ok,ok,ok,ok
437,,1905152,ok,V1,ok,ok,ok,ok,ok,ok,ok,ok,ok,ok,ok,ok,ok,ok,ok,ok,ok,ok
438,,1906457,ok,V1,ok,ok,ok,ok,ok,ok,ok,ok,ok,ok,ok,ok,ok,ok,ok,ok,ok,ok
439,,1920754,ok,V1,ok,ok,ok,ok,ok,ok,ok,ok,ok,ok,ok,ok,ok,ok,ok,ok,ok,ok
440,,1925461,ok,V1,ok,ok,ok,ok,ok,ok,ok,ok,ok,ok,ok,ok,ok,ok,ok,ok,ok,ok
441,,1928871,ok,V1,ok,ok,ok,ok,ok,ok,ok,ok,ok,ok,ok,ok,ok,ok,ok,ok,ok,ok
442,,1930353,ok,V1,ok,ok,ok,ok,ok,ok,ok,ok,ok,ok,ok,ok,ok,ok,ok,ok,ok,ok
443,,1933864,ok,V1,ok,ok,ok,ok,ok,ok,ok,ok,ok,ok,ok,ok,ok,ok,ok,ok,ok,ok
444,,1934159,ok,V1,ok,ok,ok,ok,ok,ok,ok,ok,ok,ok,ok,ok,ok,ok,ok,ok,ok,ok
445,,1939068,ok,V1,ok,ok,ok,ok,ok,ok,ok,ok,ok,ok,ok,ok,ok,ok,ok,ok,ok,ok
446,,1945164,ok,V1,ok,ok,ok,ok,ok,ok,ok,ok,ok,ok,ok,ok,ok,ok,ok,ok,ok,ok
447,,1946469,ok,V1,ok,ok,ok,ok,ok,ok,ok,ok,ok,ok,ok,ok,ok,ok,ok,ok,ok,ok
448,,1946873,ok,V1,ok,ok,ok,ok,ok,ok,ok,ok,ok,ok,ok,ok,ok,ok,ok,ok,ok,ok
449,,1948170,ok,V1,ok,ok,ok,ok,ok,ok,ok,ok,ok,ok,ok,ok,ok,ok,ok,ok,ok,ok
450,,1949879,ok,V1,ok,ok,ok,ok,ok,ok,ok,ok,ok,ok,ok,ok,ok,ok,ok,ok,ok,ok
451,,1950056,ok,V1,ok,ok,ok,ok,ok,ok,ok,ok,ok,ok,ok,ok,ok,ok,ok,ok,ok,ok
452,,1957171,ok,V1,ok,ok,ok,ok,ok,ok,ok,ok,ok,ok,ok,ok,ok,ok,ok,ok,ok,ok
453,,1959680,ok,V1,ok,ok,ok,ok,ok,ok,ok,ok,ok,ok,ok,ok,ok,ok,ok,ok,ok,ok
454,,1961263,ok,V1,ok,ok,ok,ok,ok,ok,ok,ok,ok,ok,ok,ok,ok,ok,ok,ok,ok,ok
455,,1964269,failed,V1,NO_ABCD-HCP,NO_ABCD-HCP,NO_ABCD-HCP,NO_ABCD-HCP,NO_ABCD-HCP,NO_ABCD-HCP,NO_ABCD-HCP,NO_ABCD-HCP,NO_ABCD-HCP,NO_ABCD-HCP,NO_ABCD-HCP,NO_ABCD-HCP,NO_ABCD-HCP,NO_ABCD-HCP,NO_ABCD-HCP,NO_ABCD-HCP,NO_ABCD-HCP,NO_ABCD-HCP
456,,1969986,ok,V1,ok,ok,ok,ok,ok,ok,ok,ok,ok,ok,ok,ok,ok,ok,ok,ok,ok,ok
457,,1976377,ok,V1,ok,ok,ok,ok,ok,ok,ok,ok,ok,ok,ok,ok,ok,ok,ok,ok,ok,ok
458,,1978987,ok,V1,ok,ok,ok,ok,ok,ok,ok,ok,ok,ok,ok,ok,ok,ok,ok,ok,ok,ok
459,,1983879,ok,V1,ok,ok,ok,ok,ok,ok,ok,ok,ok,ok,ok,ok,ok,ok,ok,ok,ok,ok
460,,1985378,ok,V1,ok,ok,ok,ok,ok,ok,ok,ok,ok,ok,ok,ok,ok,ok,ok,ok,ok,ok
461,,1986784,ok,V1,ok,ok,ok,ok,ok,ok,ok,ok,ok,ok,ok,ok,ok,ok,ok,ok,ok,ok
462,,1988687,ok,V1,ok,ok,ok,ok,ok,ok,ok,ok,ok,ok,ok,ok,ok,ok,ok,ok,ok,ok
463,,1992375,ok,V1,ok,ok,ok,ok,ok,ok,ok,ok,ok,ok,ok,ok,ok,ok,ok,ok,ok,ok
464,,1994884,ok,V1,ok,ok,ok,ok,ok,ok,ok,ok,ok,ok,ok,ok,ok,ok,ok,ok,ok,ok
465,,2000111,ok,V1,ok,ok,ok,ok,ok,ok,ok,ok,ok,ok,ok,ok,ok,ok,ok,ok,ok,ok
466,,2001517,ok,V1,ok,ok,ok,ok,ok,ok,ok,ok,ok,ok,ok,ok,ok,ok,ok,ok,ok,ok
467,,2001719,ok,V1,ok,ok,ok,ok,ok,ok,ok,ok,ok,ok,ok,ok,ok,ok,ok,ok,ok,ok
468,,2008329,ok,V1,ok,ok,ok,ok,ok,ok,ok,ok,ok,ok,ok,ok,ok,ok,ok,ok,ok,ok
469,,2030726,ok,V1,ok,ok,ok,ok,ok,ok,ok,ok,ok,ok,ok,ok,ok,ok,ok,ok,ok,ok
470,,2035635,ok,V1,ok,ok,ok,ok,ok,ok,ok,ok,ok,ok,ok,ok,ok,ok,ok,ok,ok,ok
471,,2035837,ok,V1,ok,ok,ok,ok,ok,ok,ok,ok,ok,ok,ok,ok,ok,ok,ok,ok,ok,ok
472,,2046842,ok,V1,ok,ok,ok,ok,ok,ok,ok,ok,ok,ok,ok,ok,ok,ok,ok,ok,ok,ok
473,,2046943,ok,V1,ok,ok,ok,ok,ok,ok,ok,ok,ok,ok,ok,ok,ok,ok,ok,ok,ok,ok
474,,2051532,ok,V1,ok,ok,ok,ok,ok,ok,ok,ok,ok,ok,ok,ok,ok,ok,ok,ok,ok,ok
475,,2055237,ok,V1,ok,ok,ok,ok,ok,ok,ok,ok,ok,ok,ok,ok,ok,ok,ok,ok,ok,ok
476,,2059245,ok,V1,ok,ok,ok,ok,ok,ok,ok,ok,ok,ok,ok,ok,ok,ok,ok,ok,ok,ok
477,,2062537,ok,V1,ok,ok,ok,ok,ok,ok,ok,ok,ok,ok,ok,ok,ok,ok,ok,ok,ok,ok
478,,2063034,ok,V1,ok,ok,ok,ok,ok,ok,ok,ok,ok,ok,ok,ok,ok,ok,ok,ok,ok,ok
479,,2068145,ok,V1,ok,ok,ok,ok,ok,ok,ok,ok,ok,ok,ok,ok,ok,ok,ok,ok,ok,ok
480,,2073340,ok,V1,ok,ok,ok,ok,ok,ok,ok,ok,ok,ok,ok,ok,ok,ok,ok,ok,ok,ok
481,,2082947,ok,V1,ok,ok,ok,ok,ok,ok,ok,ok,ok,ok,ok,ok,ok,ok,ok,ok,ok,ok
482,,2093245,ok,V1,ok,ok,ok,ok,ok,ok,ok,ok,ok,ok,ok,ok,ok,ok,ok,ok,ok,ok
483,,2095148,ok,V1,ok,ok,ok,ok,ok,ok,ok,ok,ok,ok,ok,ok,ok,ok,ok,ok,ok,ok
484,,2099257,ok,V1,ok,ok,ok,ok,ok,ok,ok,ok,ok,ok,ok,ok,ok,ok,ok,ok,ok,ok
485,,2105125,ok,V1,ok,ok,ok,ok,ok,ok,ok,ok,ok,ok,ok,ok,ok,ok,ok,ok,ok,ok
486,,2109234,ok,V1,ok,ok,ok,ok,ok,ok,ok,ok,ok,ok,ok,ok,ok,ok,ok,ok,ok,ok
487,,2109638,ok,V1,ok,ok,ok,ok,ok,ok,ok,ok,ok,ok,ok,ok,ok,ok,ok,ok,ok,ok
488,,2112829,ok,V1,ok,ok,ok,ok,ok,ok,ok,ok,ok,ok,ok,ok,ok,ok,ok,ok,ok,ok
489,,2115835,ok,V1,ok,ok,ok,ok,ok,ok,ok,ok,ok,ok,ok,ok,ok,ok,ok,ok,ok,ok
490,,2122125,ok,V1,ok,ok,ok,ok,ok,ok,ok,ok,ok,ok,ok,ok,ok,ok,ok,ok,ok,ok
491,,2133433,ok,V1,ok,ok,ok,ok,ok,ok,ok,ok,ok,ok,ok,ok,ok,ok,ok,ok,ok,ok
492,,2134031,ok,V1,ok,ok,ok,ok,ok,ok,ok,ok,ok,ok,ok,ok,ok,ok,ok,ok,ok,ok
493,,2136540,ok,V1,ok,ok,ok,ok,ok,ok,ok,ok,ok,ok,ok,ok,ok,ok,ok,ok,ok,ok
494,,2140026,ok,V1,ok,ok,ok,ok,ok,ok,ok,ok,ok,ok,ok,ok,ok,ok,ok,ok,ok,ok
495,,2140127,ok,V1,ok,ok,ok,ok,ok,ok,ok,ok,ok,ok,ok,ok,ok,ok,ok,ok,ok,ok
496,,2146139,ok,V1,ok,ok,ok,ok,ok,ok,ok,ok,ok,ok,ok,ok,ok,ok,ok,ok,ok,ok
497,,2155140,ok,V1,ok,ok,ok,ok,ok,ok,ok,ok,ok,ok,ok,ok,ok,ok,ok,ok,ok,ok
498,,2155645,ok,V1,ok,ok,ok,ok,ok,ok,ok,ok,ok,ok,ok,ok,ok,ok,ok,ok,ok,ok
499,,2155746,ok,V1,ok,ok,ok,ok,ok,ok,ok,ok,ok,ok,ok,ok,ok,ok,ok,ok,ok,ok
500,,2156142,ok,V1,ok,ok,ok,ok,ok,ok,ok,ok,ok,ok,ok,ok,ok,ok,ok,ok,ok,ok
501,,2156344,ok,V1,ok,ok,ok,ok,ok,ok,ok,ok,ok,ok,ok,ok,ok,ok,ok,ok,ok,ok
502,,2163644,ok,V1,ok,ok,ok,ok,ok,ok,ok,ok,ok,ok,ok,ok,ok,ok,ok,ok,ok,ok
503,,2164242,ok,V1,ok,ok,ok,ok,ok,ok,ok,ok,ok,ok,ok,ok,ok,ok,ok,ok,ok,ok
504,,2174649,ok,V1,ok,ok,ok,ok,ok,ok,ok,ok,ok,ok,ok,ok,ok,ok,ok,ok,ok,ok
505,,2181848,ok,V1,ok,ok,ok,ok,ok,ok,ok,ok,ok,ok,ok,ok,ok,ok,ok,ok,ok,ok
506,,2203933,ok,V1,ok,ok,ok,ok,ok,ok,ok,ok,ok,ok,ok,ok,ok,ok,ok,ok,ok,ok
507,,2207840,ok,V1,ok,ok,ok,ok,ok,ok,ok,ok,ok,ok,ok,ok,ok,ok,ok,ok,ok,ok
508,,2211932,ok,V1,ok,ok,ok,ok,ok,ok,ok,ok,ok,ok,ok,ok,ok,ok,ok,ok,ok,ok
509,,2216437,ok,V1,ok,ok,ok,ok,ok,ok,ok,ok,ok,ok,ok,ok,ok,ok,ok,ok,ok,ok
510,,2220428,ok,V1,ok,ok,ok,ok,ok,ok,ok,ok,ok,ok,ok,ok,ok,ok,ok,ok,ok,ok
511,,2223131,ok,V1,ok,ok,ok,ok,ok,ok,ok,ok,ok,ok,ok,ok,ok,ok,ok,ok,ok,ok
512,,2229547,ok,V1,ok,ok,ok,ok,ok,ok,ok,ok,ok,ok,ok,ok,ok,ok,ok,ok,ok,ok
513,,2236140,ok,V1,ok,ok,ok,ok,ok,ok,ok,ok,ok,ok,ok,ok,ok,ok,ok,ok,ok,ok
514,,2239247,ok,V1,ok,ok,ok,ok,ok,ok,ok,ok,ok,ok,ok,ok,ok,ok,ok,ok,ok,ok
515,,2240030,ok,V1,ok,ok,ok,ok,ok,ok,ok,ok,ok,ok,ok,ok,ok,ok,ok,ok,ok,ok
516,,2254243,ok,V1,ok,ok,ok,ok,ok,ok,ok,ok,ok,ok,ok,ok,ok,ok,ok,ok,ok,ok
517,,2256651,ok,V1,ok,ok,ok,ok,ok,ok,ok,ok,ok,ok,ok,ok,ok,ok,ok,ok,ok,ok
518,,2264549,ok,V1,ok,ok,ok,ok,ok,ok,ok,ok,ok,ok,ok,ok,ok,ok,ok,ok,ok,ok
519,,2286155,ok,V1,ok,ok,ok,ok,ok,ok,ok,ok,ok,ok,ok,ok,ok,ok,ok,ok,ok,ok
520,,2300426,ok,V1,ok,ok,ok,ok,ok,ok,ok,ok,ok,ok,ok,ok,ok,ok,ok,ok,ok,ok
521,,2301428,ok,V1,ok,ok,ok,ok,ok,ok,ok,ok,ok,ok,ok,ok,ok,ok,ok,ok,ok,ok
522,,2302430,ok,V1,ok,ok,ok,ok,ok,ok,ok,ok,ok,ok,ok,ok,ok,ok,ok,ok,ok,ok
523,,2304737,ok,V1,ok,ok,ok,ok,ok,ok,ok,ok,ok,ok,ok,ok,ok,ok,ok,ok,ok,ok
524,,2310328,ok,V1,ok,ok,ok,ok,ok,ok,ok,ok,ok,ok,ok,ok,ok,ok,ok,ok,ok,ok
525,,2311633,ok,V1,ok,ok,ok,ok,ok,ok,ok,ok,ok,ok,ok,ok,ok,ok,ok,ok,ok,ok
526,,2322335,ok,V1,ok,ok,ok,ok,ok,ok,ok,ok,ok,ok,ok,ok,ok,ok,ok,ok,ok,ok
527,,2333340,ok,V1,ok,ok,ok,ok,ok,ok,ok,ok,ok,ok,ok,ok,ok,ok,ok,ok,ok,ok
528,,2335344,ok,V1,ok,ok,ok,ok,ok,ok,ok,ok,ok,ok,ok,ok,ok,ok,ok,ok,ok,ok
529,,2336346,ok,V1,ok,ok,ok,ok,ok,ok,ok,ok,ok,ok,ok,ok,ok,ok,ok,ok,ok,ok
530,,2339049,ok,V1,ok,ok,ok,ok,ok,ok,ok,ok,ok,ok,ok,ok,ok,ok,ok,ok,ok,ok
531,,2342745,ok,V1,ok,ok,ok,ok,ok,ok,ok,ok,ok,ok,ok,ok,ok,ok,ok,ok,ok,ok
532,,2344244,ok,V1,ok,ok,ok,ok,ok,ok,ok,ok,ok,ok,ok,ok,ok,ok,ok,ok,ok,ok
533,,2353245,ok,V1,ok,ok,ok,ok,ok,ok,ok,ok,ok,ok,ok,ok,ok,ok,ok,ok,ok,ok
534,,2363450,ok,V1,ok,ok,ok,ok,ok,ok,ok,ok,ok,ok,ok,ok,ok,ok,ok,ok,ok,ok
535,,2365454,ok,V1,ok,ok,ok,ok,ok,ok,ok,ok,ok,ok,ok,ok,ok,ok,ok,ok,ok,ok
536,,2370952,ok,V1,ok,ok,ok,ok,ok,ok,ok,ok,ok,ok,ok,ok,ok,ok,ok,ok,ok,ok
537,,2378463,ok,V1,ok,ok,ok,ok,ok,ok,ok,ok,ok,ok,ok,ok,ok,ok,ok,ok,ok,ok
538,,2380753,ok,V1,ok,ok,ok,ok,ok,ok,ok,ok,ok,ok,ok,ok,ok,ok,ok,ok,ok,ok
539,,2383456,ok,V1,ok,ok,ok,ok,ok,ok,ok,ok,ok,ok,ok,ok,ok,ok,ok,ok,ok,ok
540,,2383658,ok,V1,ok,ok,ok,ok,ok,ok,ok,ok,ok,ok,ok,ok,ok,ok,ok,ok,ok,ok
541,,2400026,ok,V1,ok,ok,ok,ok,ok,ok,ok,ok,ok,ok,ok,ok,ok,ok,ok,ok,ok,ok
542,,2400632,ok,V1,ok,ok,ok,ok,ok,ok,ok,ok,ok,ok,ok,ok,ok,ok,ok,ok,ok,ok
543,,2427753,ok,V1,ok,ok,ok,ok,ok,ok,ok,ok,ok,ok,ok,ok,ok,ok,ok,ok,ok,ok
544,,2428755,ok,V1,ok,ok,ok,ok,ok,ok,ok,ok,ok,ok,ok,ok,ok,ok,ok,ok,ok,ok
545,,2449763,ok,V1,ok,ok,ok,ok,ok,ok,ok,ok,ok,ok,ok,ok,ok,ok,ok,ok,ok,ok
546,,2462654,ok,V1,ok,ok,ok,ok,ok,ok,ok,ok,ok,ok,ok,ok,ok,ok,ok,ok,ok,ok
547,,2478669,ok,V1,ok,ok,ok,ok,ok,ok,ok,ok,ok,ok,ok,ok,ok,ok,ok,ok,ok,ok
548,,2483561,ok,V1,ok,ok,ok,ok,ok,ok,ok,ok,ok,ok,ok,ok,ok,ok,ok,ok,ok,ok
549,,2483662,ok,V1,ok,ok,ok,ok,ok,ok,ok,ok,ok,ok,ok,ok,ok,ok,ok,ok,ok,ok
550,,2485666,ok,V1,ok,ok,ok,ok,ok,ok,ok,ok,ok,ok,ok,ok,ok,ok,ok,ok,ok,ok
551,,2491257,ok,V1,ok,ok,ok,ok,ok,ok,ok,ok,ok,ok,ok,ok,ok,ok,ok,ok,ok,ok
552,,2496570,ok,V1,ok,ok,ok,ok,ok,ok,ok,ok,ok,ok,ok,ok,ok,ok,ok,ok,ok,ok
553,,2499576,ok,V1,ok,ok,ok,ok,ok,ok,ok,ok,ok,ok,ok,ok,ok,ok,ok,ok,ok,ok
554,,2500030,ok,V1,ok,ok,ok,ok,ok,ok,ok,ok,ok,ok,ok,ok,ok,ok,ok,ok,ok,ok
555,,2504038,ok,V1,ok,ok,ok,ok,ok,ok,ok,ok,ok,ok,ok,ok,ok,ok,ok,ok,ok,ok
556,,2523345,ok,V1,ok,ok,ok,ok,ok,ok,ok,ok,ok,ok,ok,ok,ok,ok,ok,ok,ok,ok
557,,2524751,ok,V1,ok,ok,ok,ok,ok,ok,ok,ok,ok,ok,ok,ok,ok,ok,ok,ok,ok,ok
558,,2537457,ok,V1,ok,ok,ok,ok,ok,ok,ok,ok,ok,ok,ok,ok,ok,ok,ok,ok,ok,ok
559,,2540648,ok,V1,ok,ok,ok,ok,ok,ok,ok,ok,ok,ok,ok,ok,ok,ok,ok,ok,ok,ok
560,,2543250,ok,V1,ok,ok,ok,ok,ok,ok,ok,ok,ok,ok,ok,ok,ok,ok,ok,ok,ok,ok
561,,2554255,ok,V1,ok,ok,ok,ok,ok,ok,ok,ok,ok,ok,ok,ok,ok,ok,ok,ok,ok,ok
562,,2556158,ok,V1,ok,ok,ok,ok,ok,ok,ok,ok,ok,ok,ok,ok,ok,ok,ok,ok,ok,ok
563,,2565664,ok,V1,ok,ok,ok,ok,ok,ok,ok,ok,ok,ok,ok,ok,ok,ok,ok,ok,ok,ok
564,,2568670,ok,V1,ok,ok,ok,ok,ok,ok,ok,ok,ok,ok,ok,ok,ok,ok,ok,ok,ok,ok
565,,2581763,ok,V1,ok,ok,ok,ok,ok,ok,ok,ok,ok,ok,ok,ok,ok,ok,ok,ok,ok,ok
566,,2594671,ok,V1,ok,ok,ok,ok,ok,ok,ok,ok,ok,ok,ok,ok,ok,ok,ok,ok,ok,ok
567,,2594772,ok,V1,ok,ok,ok,ok,ok,ok,ok,ok,ok,ok,ok,ok,ok,ok,ok,ok,ok,ok
568,,2600034,ok,V1,ok,ok,ok,ok,ok,ok,ok,ok,ok,ok,ok,ok,ok,ok,ok,ok,ok,ok
569,,2606652,ok,V1,ok,ok,ok,ok,ok,ok,ok,ok,ok,ok,ok,ok,ok,ok,ok,ok,ok,ok
570,,2612142,ok,V1,ok,ok,ok,ok,ok,ok,ok,ok,ok,ok,ok,ok,ok,ok,ok,ok,ok,ok
571,,2617657,ok,V1,ok,ok,ok,ok,ok,ok,ok,ok,ok,ok,ok,ok,ok,ok,ok,ok,ok,ok
572,,2618053,ok,V1,ok,ok,ok,ok,ok,ok,ok,ok,ok,ok,ok,ok,ok,ok,ok,ok,ok,ok
573,,2631954,ok,V1,ok,ok,ok,ok,ok,ok,ok,ok,ok,ok,ok,ok,ok,ok,ok,ok,ok,ok
574,,2633554,ok,V1,ok,ok,ok,ok,ok,ok,ok,ok,ok,ok,ok,ok,ok,ok,ok,ok,ok,ok
575,,2635659,ok,V1,ok,ok,ok,ok,ok,ok,ok,ok,ok,ok,ok,ok,ok,ok,ok,ok,ok,ok
576,,2643052,ok,V1,ok,ok,ok,ok,ok,ok,ok,ok,ok,ok,ok,ok,ok,ok,ok,ok,ok,ok
577,,2655766,ok,V1,ok,ok,ok,ok,ok,ok,ok,ok,ok,ok,ok,ok,ok,ok,ok,ok,ok,ok
578,,2669575,ok,V1,ok,ok,ok,ok,ok,ok,ok,ok,ok,ok,ok,ok,ok,ok,ok,ok,ok,ok
579,,2679073,ok,V1,ok,ok,ok,ok,ok,ok,ok,ok,ok,ok,ok,ok,ok,ok,ok,ok,ok,ok
580,,2685169,ok,V1,ok,ok,ok,ok,ok,ok,ok,ok,ok,ok,ok,ok,ok,ok,ok,ok,ok,ok
581,,2692671,ok,V1,ok,ok,ok,ok,ok,ok,ok,ok,ok,ok,ok,ok,ok,ok,ok,ok,ok,ok
582,,2696780,ok,V1,ok,ok,ok,ok,ok,ok,ok,ok,ok,ok,ok,ok,ok,ok,ok,ok,ok,ok
583,,2704551,ok,V1,ok,ok,ok,ok,ok,ok,ok,ok,ok,ok,ok,ok,ok,ok,ok,ok,ok,ok
584,,2711649,ok,V1,ok,ok,ok,ok,ok,ok,ok,ok,ok,ok,ok,ok,ok,ok,ok,ok,ok,ok
585,,2714655,ok,V1,ok,ok,ok,ok,ok,ok,ok,ok,ok,ok,ok,ok,ok,ok,ok,ok,ok,ok
586,,2715152,ok,V1,ok,ok,ok,ok,ok,ok,ok,ok,ok,ok,ok,ok,ok,ok,ok,ok,ok,ok
587,,2721147,ok,V1,ok,ok,ok,ok,ok,ok,ok,ok,ok,ok,ok,ok,ok,ok,ok,ok,ok,ok
588,,2724456,ok,V1,ok,ok,ok,ok,ok,ok,ok,ok,ok,ok,ok,ok,ok,ok,ok,ok,ok,ok
589,,2731049,ok,V1,ok,ok,ok,ok,ok,ok,ok,ok,ok,ok,ok,ok,ok,ok,ok,ok,ok,ok
590,,2737869,ok,V1,ok,ok,ok,ok,ok,ok,ok,ok,ok,ok,ok,ok,ok,ok,ok,ok,ok,ok
591,,2740454,ok,V1,ok,ok,ok,ok,ok,ok,ok,ok,ok,ok,ok,ok,ok,ok,ok,ok,ok,ok
592,,2741961,ok,V1,ok,ok,ok,ok,ok,ok,ok,ok,ok,ok,ok,ok,ok,ok,ok,ok,ok,ok
593,,2743157,ok,V1,ok,ok,ok,ok,ok,ok,ok,ok,ok,ok,ok,ok,ok,ok,ok,ok,ok,ok
594,,2748268,ok,V1,ok,ok,ok,ok,ok,ok,ok,ok,ok,ok,ok,ok,ok,ok,ok,ok,ok,ok
595,,2748672,ok,V1,ok,ok,ok,ok,ok,ok,ok,ok,ok,ok,ok,ok,ok,ok,ok,ok,ok,ok
596,,2751560,ok,V1,ok,ok,ok,ok,ok,ok,ok,ok,ok,ok,ok,ok,ok,ok,ok,ok,ok,ok
597,,2751964,ok,V1,ok,ok,ok,ok,ok,ok,ok,ok,ok,ok,ok,ok,ok,ok,ok,ok,ok,ok
598,,2754061,ok,V1,ok,ok,ok,ok,ok,ok,ok,ok,ok,ok,ok,ok,ok,ok,ok,ok,ok,ok
599,,2757370,ok,V1,ok,ok,ok,ok,ok,ok,ok,ok,ok,ok,ok,ok,ok,ok,ok,ok,ok,ok
600,,2761967,ok,V1,ok,ok,ok,ok,ok,ok,ok,ok,ok,ok,ok,ok,ok,ok,ok,ok,ok,ok
601,,2762565,ok,V1,ok,ok,ok,ok,ok,ok,ok,ok,ok,ok,ok,ok,ok,ok,ok,ok,ok,ok
602,,2764771,ok,V1,ok,ok,ok,ok,ok,ok,ok,ok,ok,ok,ok,ok,ok,ok,ok,ok,ok,ok
603,,2768981,ok,V1,ok,ok,ok,ok,ok,ok,ok,ok,ok,ok,ok,ok,ok,ok,ok,ok,ok,ok
604,,2769983,ok,V1,ok,ok,ok,ok,ok,ok,ok,ok,ok,ok,ok,ok,ok,ok,ok,ok,ok,ok
605,,2785678,ok,V1,ok,ok,ok,ok,ok,ok,ok,ok,ok,ok,ok,ok,ok,ok,ok,ok,ok,ok
606,,2786074,ok,V1,ok,ok,ok,ok,ok,ok,ok,ok,ok,ok,ok,ok,ok,ok,ok,ok,ok,ok
607,,2795479,ok,V1,ok,ok,ok,ok,ok,ok,ok,ok,ok,ok,ok,ok,ok,ok,ok,ok,ok,ok
608,,2797584,ok,V1,ok,ok,ok,ok,ok,ok,ok,ok,ok,ok,ok,ok,ok,ok,ok,ok,ok,ok
609,,2801852,ok,V1,ok,ok,ok,ok,ok,ok,ok,ok,ok,ok,ok,ok,ok,ok,ok,ok,ok,ok
610,,2804151,ok,V1,ok,ok,ok,ok,ok,ok,ok,ok,ok,ok,ok,ok,ok,ok,ok,ok,ok,ok
611,,2807460,ok,V1,ok,ok,ok,ok,ok,ok,ok,ok,ok,ok,ok,ok,ok,ok,ok,ok,ok,ok
612,,2810954,ok,V1,ok,ok,ok,ok,ok,ok,ok,ok,ok,ok,ok,ok,ok,ok,ok,ok,ok,ok
613,,2811552,ok,V1,ok,ok,ok,ok,ok,ok,ok,ok,ok,ok,ok,ok,ok,ok,ok,ok,ok,ok
614,,2812352,ok,V1,ok,ok,ok,ok,ok,ok,ok,ok,ok,ok,ok,ok,ok,ok,ok,ok,ok,ok
615,,2820351,ok,V1,ok,ok,ok,ok,ok,ok,ok,ok,ok,ok,ok,ok,ok,ok,ok,ok,ok,ok
616,,2828569,ok,V1,ok,ok,ok,ok,ok,ok,ok,ok,ok,ok,ok,ok,ok,ok,ok,ok,ok,ok
617,,2832863,ok,V1,ok,ok,ok,ok,ok,ok,ok,ok,ok,ok,ok,ok,ok,ok,ok,ok,ok,ok
618,,2833461,ok,V1,ok,ok,ok,ok,ok,ok,ok,ok,ok,ok,ok,ok,ok,ok,ok,ok,ok,ok
619,,2841965,ok,V1,ok,ok,ok,ok,ok,ok,ok,ok,ok,ok,ok,ok,ok,ok,ok,ok,ok,ok
620,,2855875,ok,V1,ok,ok,ok,ok,ok,ok,ok,ok,ok,ok,ok,ok,ok,ok,ok,ok,ok,ok
621,,2856170,ok,V1,ok,ok,ok,ok,ok,ok,ok,ok,ok,ok,ok,ok,ok,ok,ok,ok,ok,ok
622,,2860262,ok,V1,ok,ok,ok,ok,ok,ok,ok,ok,ok,ok,ok,ok,ok,ok,ok,ok,ok,ok
623,,2863975,ok,V1,ok,ok,ok,ok,ok,ok,ok,ok,ok,ok,ok,ok,ok,ok,ok,ok,ok,ok
624,,2864270,ok,V1,ok,ok,ok,ok,ok,ok,ok,ok,ok,ok,ok,ok,ok,ok,ok,ok,ok,ok
625,,2878382,ok,V1,ok,ok,ok,ok,ok,ok,ok,ok,ok,ok,ok,ok,ok,ok,ok,ok,ok,ok
626,,2879788,ok,V1,ok,ok,ok,ok,ok,ok,ok,ok,ok,ok,ok,ok,ok,ok,ok,ok,ok,ok
627,,2884175,ok,V1,ok,ok,ok,ok,ok,ok,ok,ok,ok,ok,ok,ok,ok,ok,ok,ok,ok,ok
628,,2884377,ok,V1,ok,ok,ok,ok,ok,ok,ok,ok,ok,ok,ok,ok,ok,ok,ok,ok,ok,ok
629,,2897184,ok,V1,ok,ok,ok,ok,ok,ok,ok,ok,ok,ok,ok,ok,ok,ok,ok,ok,ok,ok
630,,2901654,ok,V1,ok,ok,ok,ok,ok,ok,ok,ok,ok,ok,ok,ok,ok,ok,ok,ok,ok,ok
631,,2903759,ok,V1,ok,ok,ok,ok,ok,ok,ok,ok,ok,ok,ok,ok,ok,ok,ok,ok,ok,ok
632,,2904862,ok,V1,ok,ok,ok,ok,ok,ok,ok,ok,ok,ok,ok,ok,ok,ok,ok,ok,ok,ok
633,,2905460,ok,V1,ok,ok,ok,ok,ok,ok,ok,ok,ok,ok,ok,ok,ok,ok,ok,ok,ok,ok
634,,2913459,ok,V1,ok,ok,ok,ok,ok,ok,ok,ok,ok,ok,ok,ok,ok,ok,ok,ok,ok,ok
635,,2926973,ok,V1,ok,ok,ok,ok,ok,ok,ok,ok,ok,ok,ok,ok,ok,ok,ok,ok,ok,ok
636,,2930055,ok,V1,ok,ok,ok,ok,ok,ok,ok,ok,ok,ok,ok,ok,ok,ok,ok,ok,ok,ok
637,,2932665,ok,V1,ok,ok,ok,ok,ok,ok,ok,ok,ok,ok,ok,ok,ok,ok,ok,ok,ok,ok
638,,2936875,ok,V1,ok,ok,ok,ok,ok,ok,ok,ok,ok,ok,ok,ok,ok,ok,ok,ok,ok,ok
639,,2938172,ok,V1,ok,ok,ok,ok,ok,ok,ok,ok,ok,ok,ok,ok,ok,ok,ok,ok,ok,ok
640,,2939275,ok,V1,ok,ok,ok,ok,ok,ok,ok,ok,ok,ok,ok,ok,ok,ok,ok,ok,ok,ok
641,,2945876,ok,V1,ok,ok,ok,ok,ok,ok,ok,ok,ok,ok,ok,ok,ok,ok,ok,ok,ok,ok
642,,2957277,ok,V1,ok,ok,ok,ok,ok,ok,ok,ok,ok,ok,ok,ok,ok,ok,ok,ok,ok,ok
643,,2968080,ok,V1,ok,ok,ok,ok,ok,ok,ok,ok,ok,ok,ok,ok,ok,ok,ok,ok,ok,ok
644,,2976382,ok,V1,ok,ok,ok,ok,ok,ok,ok,ok,ok,ok,ok,ok,ok,ok,ok,ok,ok,ok
645,,2978386,ok,V1,ok,ok,ok,ok,ok,ok,ok,ok,ok,ok,ok,ok,ok,ok,ok,ok,ok,ok
646,,2982276,ok,V1,ok,ok,ok,ok,ok,ok,ok,ok,ok,ok,ok,ok,ok,ok,ok,ok,ok,ok
647,,2982579,ok,V1,ok,ok,ok,ok,ok,ok,ok,ok,ok,ok,ok,ok,ok,ok,ok,ok,ok,ok
648,,2987185,ok,V1,ok,ok,ok,ok,ok,ok,ok,ok,ok,ok,ok,ok,ok,ok,ok,ok,ok,ok
649,,2990073,ok,V1,ok,ok,ok,ok,ok,ok,ok,ok,ok,ok,ok,ok,ok,ok,ok,ok,ok,ok
650,,2993079,ok,V1,ok,ok,ok,ok,ok,ok,ok,ok,ok,ok,ok,ok,ok,ok,ok,ok,ok,ok
651,,2996590,ok,V1,ok,ok,ok,ok,ok,ok,ok,ok,ok,ok,ok,ok,ok,ok,ok,ok,ok,ok
